Title,DOI,URL,QuerySets,Sources,From_Scopus,From_IEEE_Xplore,From_ScienceDirect,source
3D data augmentation and dual-branch model for robust face forgery detection,https://www.scopus.com/inward/record.uri?eid=2-s2.0-85216862698&partnerID=40&md5=067bae7db56f20def336a5b09deafefb,https://www.scopus.com/inward/record.uri?eid=2-s2.0-85216862698&partnerID=40&md5=067bae7db56f20def336a5b09deafefb,C,,0,0,0,Scopus
3D-CADet: Leveraging 3D Channel Attention for Improving Deepfake Video Detection,https://www.scopus.com/inward/record.uri?eid=2-s2.0-105008489588&partnerID=40&md5=b4d3755624de977b6eeebe07f9c884f2,https://www.scopus.com/inward/record.uri?eid=2-s2.0-105008489588&partnerID=40&md5=b4d3755624de977b6eeebe07f9c884f2,C,,0,0,0,Scopus
A CNN Algorithm Based DeepFake Detection System,10.23919/INDIACom66777.2025.11115232,https://ieeexplore.ieee.org/stamp/stamp.jsp?arnumber=11115232,C,,0,0,0,IEEE Xplore
A Comparative Analysis of Machine Learning and Deep Learning Approaches in Deepfake Detection,10.1109/TENSYMP61132.2024.10752209,https://ieeexplore.ieee.org/stamp/stamp.jsp?arnumber=10752209,C,,0,0,0,IEEE Xplore
"A Comprehensive Comparative Analysis of Deepfake Detection Techniques in Visual, Audio, and Audio-Visual Domains",,,B,IEEE Xplore,0,1,0,
"A Comprehensive Comparative Analysis of Deepfake Detection Techniques in Visual, Audio, and Audio-Visual Domains",10.1109/IMSA61967.2024.10652683,https://ieeexplore.ieee.org/stamp/stamp.jsp?arnumber=10652683,C,,0,0,0,IEEE Xplore
A Comprehensive Review of Deepfake Detection In Advanced Neural Network Architectures and Deep Learning Strategies,10.1109/GlobalAISummit62156.2024.10947978,https://ieeexplore.ieee.org/stamp/stamp.jsp?arnumber=10947978,C,,0,0,0,IEEE Xplore
A Comprehensive Review on File Containers-Based Image and Video Forensics,,,B,ScienceDirect,0,0,1,
A Computer Vision Model to Identify Deepfakes to Combat Misinformation During Political Events,,,B,IEEE Xplore,0,1,0,
A Computer Vision Model to Identify Deepfakes to Combat Misinformation During Political Events,10.1109/UPCON62832.2024.10983603,https://ieeexplore.ieee.org/stamp/stamp.jsp?arnumber=10983603,C,,0,0,0,IEEE Xplore
A Contemporary and Comprehensive Bibliometric Exposition on Deepfake Research and Trends,,,A|B,ScienceDirect,0,0,1,
A Deep Learning Framework for the Detection of Deepfake Audio,10.1109/ICBATS66542.2025.11258404,https://ieeexplore.ieee.org/stamp/stamp.jsp?arnumber=11258404,C,,0,0,0,IEEE Xplore
A Deepfake Detection Method Based on Transformer Transformer Spatiotemporal Modeling,https://www.scopus.com/inward/record.uri?eid=2-s2.0-105015591220&partnerID=40&md5=7ffadf4866e0e8739199c638d1b041bd,https://www.scopus.com/inward/record.uri?eid=2-s2.0-105015591220&partnerID=40&md5=7ffadf4866e0e8739199c638d1b041bd,C,,0,0,0,Scopus
A Deepfake Detection Model Based on Optical Flow Estimation,https://www.scopus.com/inward/record.uri?eid=2-s2.0-105013051396&partnerID=40&md5=8706d200858ab922e026072b31642b44,https://www.scopus.com/inward/record.uri?eid=2-s2.0-105013051396&partnerID=40&md5=8706d200858ab922e026072b31642b44,C,,0,0,0,Scopus
A Deepfake Detection Model Based on the Integration of ResNet50 and LSTM,10.1109/ICETCI64844.2025.11084255,https://ieeexplore.ieee.org/stamp/stamp.jsp?arnumber=11084255,C,,0,0,0,IEEE Xplore
A Deepfake detection technique using Recurrent Neural Network and EfficientNet,10.1109/ICCCNT61001.2024.10723875,https://ieeexplore.ieee.org/stamp/stamp.jsp?arnumber=10723875,C,,0,0,0,IEEE Xplore
A Detailed Exploration to Deepfake: A Cybersecurity Threat,10.1109/SCEECS64059.2025.10940812,https://ieeexplore.ieee.org/stamp/stamp.jsp?arnumber=10940812,C,,0,0,0,IEEE Xplore
A Dual-Branch CNN for Robust Detection of AI-Generated Facial Forgeries,,,B,IEEE Xplore,0,1,0,
A Dual-Network Architecture with Uncertainty-Aware Multimodal Fusion for Deepfake Detection,10.1109/ICCEA65460.2025.11103067,https://ieeexplore.ieee.org/stamp/stamp.jsp?arnumber=11103067,C,,0,0,0,IEEE Xplore
A Dual-Stream CNN-LSTM Framework with ELA Preprocessing for Deepfake Detection,,,B,IEEE Xplore,0,1,0,
A Dual-Stream CNN-LSTM Framework with ELA Preprocessing for Deepfake Detection,10.1109/SENNET64220.2025.11135952,https://ieeexplore.ieee.org/stamp/stamp.jsp?arnumber=11135952,C,,0,0,0,IEEE Xplore
A Framework for Deepfake Detection using Convolutional Neural Network and Deep Features,,,A,ScienceDirect,0,0,1,
A GAN-Based Model of Deepfake Detection in Social Media,,,A|B,ScienceDirect,0,0,1,
A Hybrid Approach for Deepfake Image Detection with Frequency Analysis and Biological Analysis,,,A,IEEE Xplore,0,1,0,
A Hybrid MobileNet-LSTM Model for Enhanced Detection of Deepfake Media in Real-Time Image and Video Analysis,10.1109/ICOECA66273.2025.00188,https://ieeexplore.ieee.org/stamp/stamp.jsp?arnumber=11113971,C,,0,0,0,IEEE Xplore
A Hybrid Xception-LSTM Model with Channel and Spatial Attention Mechanism for Deepfake Video Detection,,,A,IEEE Xplore,0,1,0,
A Hybrid Xception-LSTM Model with Channel and Spatial Attention Mechanism for Deepfake Video Detection,10.1109/ICMNWC60182.2023.10435983,https://ieeexplore.ieee.org/stamp/stamp.jsp?arnumber=10435983,C,,0,0,0,IEEE Xplore
A Lightweight CNN for Efficient Deepfake Detection of Low-resolution Images in Frequency Domain,,,B,"IEEE Xplore, Scopus",1,1,0,
A Measurement Study on Gray Channel-based Deepfake Detection,10.1109/ICTC52510.2021.9621082,https://ieeexplore.ieee.org/stamp/stamp.jsp?arnumber=9621082,C,,0,0,0,IEEE Xplore
A Multi-Layer Capsule-based Forensics Model for Fake Detection of Digital Visual Media,,,A,IEEE Xplore,0,1,0,
A Multimodal Deviation Perceiving Framework for Weakly-Supervised Temporal Forgery Localization,https://www.scopus.com/inward/record.uri?eid=2-s2.0-105024076843&partnerID=40&md5=38b7f20dc18f1273e71edabd0fc77f1d,https://www.scopus.com/inward/record.uri?eid=2-s2.0-105024076843&partnerID=40&md5=38b7f20dc18f1273e71edabd0fc77f1d,C,,0,0,0,Scopus
A Novel CNN-LSTM Approach for Robust Deepfake Detection,https://www.scopus.com/inward/record.uri?eid=2-s2.0-105007157377&partnerID=40&md5=ddd8b78901a5058a5af5fbf4a5b91511,https://www.scopus.com/inward/record.uri?eid=2-s2.0-105007157377&partnerID=40&md5=ddd8b78901a5058a5af5fbf4a5b91511,C,,0,0,0,Scopus
A Novel Multi-Scale Spectral-Guided Graph Attention Network for DeepFake Video Detection,,,B,IEEE Xplore,0,1,0,
A Novel Multi-Scale Spectral-Guided Graph Attention Network for DeepFake Video Detection,10.1109/ISDFS65363.2025.11011972,https://ieeexplore.ieee.org/stamp/stamp.jsp?arnumber=11011972,C,,0,0,0,IEEE Xplore
A Novel Unified Approach to Deepfake Detection of Images,,,B,"IEEE Xplore, Scopus",1,1,0,
A Preliminary Case Study on Long-Form In-the-Wild Audio Spoofing Detection,,,B,IEEE Xplore,0,1,0,
A Residual Fingerprint-Based Defense Against Adversarial Deepfakes,,,A,IEEE Xplore,0,1,0,
"A Review of Deepfake Techniques: Architecture, Detection, and Datasets",10.1109/ACCESS.2024.3477257,https://ieeexplore.ieee.org/stamp/stamp.jsp?arnumber=10711187,C,,0,0,0,IEEE Xplore
"A Review on Deepfake Image Detection Approaches, Techniques and Methods",10.1109/I2CACIS65476.2025.11100461,https://ieeexplore.ieee.org/stamp/stamp.jsp?arnumber=11100461,C,,0,0,0,IEEE Xplore
"A Review on Deepfake Image Detection Approaches, Techniques and Methods",,,B,IEEE Xplore,0,1,0,
A Robust Audio Deepfake Detection System via Multi-View Feature,,,B,IEEE Xplore,0,1,0,
A Robust Deepfake Video Detection Method based on Continuous Frame Face-swapping,10.1109/AIIPCC57291.2022.00048,https://ieeexplore.ieee.org/stamp/stamp.jsp?arnumber=10070215,C,,0,0,0,IEEE Xplore
A Robust and Lightweight CNN-Transformer Model for Audio Deepfake Detection in Indian Languages,,,B,IEEE Xplore,0,1,0,
A Spatio- Temporl Deepfake Video Detection Method Based on TimeSformer-CNN,10.1109/ICDCECE60827.2024.10549278,https://ieeexplore.ieee.org/stamp/stamp.jsp?arnumber=10549278,C,,0,0,0,IEEE Xplore
A Spatio-Temporal Deep Learning Approach for Efficient Deepfake Video Detection,https://www.scopus.com/inward/record.uri?eid=2-s2.0-105014768493&partnerID=40&md5=ae4cd97a0dd94dd0274a85dd07694c87,https://www.scopus.com/inward/record.uri?eid=2-s2.0-105014768493&partnerID=40&md5=ae4cd97a0dd94dd0274a85dd07694c87,C,,0,0,0,Scopus
A Study on Combating Emerging Threat of Deepfake Weaponization,,,A,IEEE Xplore,0,1,0,
A Survey on Deepfake Video Detection Techniques Using Deep Learning,10.1109/ICNGIS54955.2022.10079802,https://ieeexplore.ieee.org/stamp/stamp.jsp?arnumber=10079802,C,,0,0,0,IEEE Xplore
"A comprehensive survey on digital video forensics: Taxonomy, challenges, and future directions",,,A,ScienceDirect,0,0,1,
A dual descriptor combined with frequency domain reconstruction learning for face forgery detection in deepfake videos,,,B,Scopus,1,0,0,
A facial geometry based detection model for face manipulation using CNN-LSTM architecture,,,B|C,Scopus,1,0,0,Scopus
A method for detecting deepfake faces by integrating multi-scale deep-shallow spatial and frequency features,,,B,Scopus,1,0,0,
A survey of machine learning techniques in adversarial image forensics,,,B,ScienceDirect,0,0,1,
A systematic literature review of deepfakes in forensic science,,,A,ScienceDirect,0,0,1,
ADA-FInfer: Inferring Face Representations From Adaptive Select Frames for High-Visual-Quality Deepfake Detection,10.1109/TDSC.2024.3523289,https://ieeexplore.ieee.org/stamp/stamp.jsp?arnumber=10818493,C,,0,0,0,IEEE Xplore
ADD 2022: the first Audio Deep Synthesis Detection Challenge,,,B,IEEE Xplore,0,1,0,
AEROBLADE: Training-Free Detection of Latent Diffusion Images Using Autoencoder Reconstruction Error,,,B,IEEE Xplore,0,1,0,
AI Model for Deepfake Detection – A Hybrid Deep Learning and Statistical Approach for GANGenerated Visuals,,,B,IEEE Xplore,0,1,0,
AI Powered Multimodal Content Moderation for Online Safety in Social Media Platforms,10.1109/ICIRCA65293.2025.11089733,https://ieeexplore.ieee.org/stamp/stamp.jsp?arnumber=11089733,C,,0,0,0,IEEE Xplore
AI-Based Image Forgery Detection (AI-IFD),,,B,IEEE Xplore,0,1,0,
AI-Manipulated Reality: Generation and Detection of Deepfake Content,10.1109/SACI66288.2025.11030130,https://ieeexplore.ieee.org/stamp/stamp.jsp?arnumber=11030130,C,,0,0,0,IEEE Xplore
AI-Powered Deepfake Detection in Biometric Systems,,,B,IEEE Xplore,0,1,0,
AI-Powered Real-Time Misinformation Detection a Deep Learning Framework for Combating Fake News and Deepfakes,10.1109/ICMCTC62214.2025.11196119,https://ieeexplore.ieee.org/stamp/stamp.jsp?arnumber=11196119,C,,0,0,0,IEEE Xplore
AI/ML-Based Solution for Detecting Face-Swap Deepfakes,10.1109/ICETI4T63625.2025.11132146,https://ieeexplore.ieee.org/stamp/stamp.jsp?arnumber=11132146,C,,0,0,0,IEEE Xplore
AI/ML-Based Solution for Detecting Face-Swap Deepfakes,,,A,IEEE Xplore,0,1,0,
AIM-Bone: Texture Discrepancy Generation and Localization for Generalized Deepfake Detection,,,B,IEEE Xplore,0,1,0,
AV-Lip-Sync+: Leveraging AV-HuBERT to Exploit Multimodal Inconsistency for Deepfake Detection of Frontal Face Videos,,,A,IEEE Xplore,0,1,0,
AVSecure: An Audio-Visual Watermarking Framework for Proactive Deepfake Detection,,,A|B,IEEE Xplore,0,1,0,
AVT$^{2}$-DWF: Improving Deepfake Detection With Audio-Visual Fusion and Dynamic Weighting Strategies,10.1109/LSP.2024.3433596,https://ieeexplore.ieee.org/stamp/stamp.jsp?arnumber=10609529,C,,0,0,0,IEEE Xplore
AVoiD-DF: Audio-Visual Joint Learning for Detecting Deepfake,,,A,IEEE Xplore,0,1,0,
AWaveFormer: Audio Wavelet Transformer Network for Generalized Audio Deepfake Detection,10.1109/TASLPRO.2025.3611229,https://ieeexplore.ieee.org/stamp/stamp.jsp?arnumber=11168216,C,,0,0,0,IEEE Xplore
Abbreviated View of Deepfake Videos Detection Techniques,,,A,"IEEE Xplore, Scopus",1,1,0,
AdvShadow: Evading DeepFake Detection via Adversarial Shadow Attack,,,B,IEEE Xplore,0,1,0,
Advanced Machine Learning techniques for fake news (online disinformation) detection: A systematic mapping study,,,B,ScienceDirect,0,0,1,
Advanced Temporal Analysis for Deepfake Detection using XceptionNet in Media Forensics,10.1109/ICCMC65190.2025.11140668,https://ieeexplore.ieee.org/stamp/stamp.jsp?arnumber=11140668,C,,0,0,0,IEEE Xplore
Advancements in Deepfake Detection: A Comprehensive Review of AI-Driven Approaches,10.1109/ICMLAS64557.2025.10967658,https://ieeexplore.ieee.org/stamp/stamp.jsp?arnumber=10967658,C,,0,0,0,IEEE Xplore
Advancements in Deepfake Detection: Leveraging Bi-LSTM-CNN Architecture for Robust Identification,10.1109/NILES63360.2024.10753235,https://ieeexplore.ieee.org/stamp/stamp.jsp?arnumber=10753235,C,,0,0,0,IEEE Xplore
Advances in DeepFake detection algorithms: Exploring fusion techniques in single and multi-modal approach,,,A|B,ScienceDirect,0,0,1,
Advancing Deepfake Detection: An Optimized Neural Network Model with Keyframe Analysis,10.1109/NCIM65934.2025.11160287,https://ieeexplore.ieee.org/stamp/stamp.jsp?arnumber=11160287,C,,0,0,0,IEEE Xplore
Advancing Generalization in Deepfake Detection: Supervised Contrastive Representation Learning With Dual Stream Spatio-Temporal Features,10.1109/ACCESS.2025.3598782,https://ieeexplore.ieee.org/stamp/stamp.jsp?arnumber=11124838,C,,0,0,0,IEEE Xplore
Adversarial Attacks on Deepfake Detectors: A Challenge in the Era of AI-Generated Media (AADD-2025),,,B,Scopus,1,0,0,
Aggregated Distinguishable Feature Learning for Generalized Deepfake Detection,10.1109/IJCNN64981.2025.11228889,https://ieeexplore.ieee.org/stamp/stamp.jsp?arnumber=11228889,C,,0,0,0,IEEE Xplore
An Effective Approach for Deepfake Video Detection using Binarized Neural Network,10.1109/IATMSI64286.2025.10984516,https://ieeexplore.ieee.org/stamp/stamp.jsp?arnumber=10984516,C,,0,0,0,IEEE Xplore
An Integrated Framework for Video-Based Deepfake Forensic Analysis,10.1109/ISDFS65363.2025.11012010,https://ieeexplore.ieee.org/stamp/stamp.jsp?arnumber=11012010,C,,0,0,0,IEEE Xplore
An Investigation into the Utilisation of CNN with LSTM for Video Deepfake Detection,https://www.scopus.com/inward/record.uri?eid=2-s2.0-85208484692&partnerID=40&md5=3fe5e640b835c306a8b32900a43cb320,https://www.scopus.com/inward/record.uri?eid=2-s2.0-85208484692&partnerID=40&md5=3fe5e640b835c306a8b32900a43cb320,C,,0,0,0,Scopus
Anomaly Detection and Localization for Speech Deepfakes via Feature Pyramid Matching,,,B,IEEE Xplore,0,1,0,
Any-Resolution AI-Generated Image Detection by Spectral Learning,,,B,IEEE Xplore,0,1,0,
Artifacts-Disentangled Adversarial Learning for Deepfake Detection,10.1109/TCSVT.2022.3217950,https://ieeexplore.ieee.org/stamp/stamp.jsp?arnumber=9931753,C,,0,0,0,IEEE Xplore
Attention Guided Multi-attribute Architecture For Deepfake Detection,,,B,IEEE Xplore,0,1,0,
Attention Guided Spatio-Temporal Artifacts Extraction for Deepfake Detection,https://www.scopus.com/inward/record.uri?eid=2-s2.0-85118942938&partnerID=40&md5=7fb41a1abc4766eb0e8e92911f9f41c0,https://www.scopus.com/inward/record.uri?eid=2-s2.0-85118942938&partnerID=40&md5=7fb41a1abc4766eb0e8e92911f9f41c0,C,,0,0,0,Scopus
Audio Deepfake Detection: End-to-End training with powerful pretrained ASR,10.1109/INMIC64792.2024.11004412,https://ieeexplore.ieee.org/stamp/stamp.jsp?arnumber=11004412,C,,0,0,0,IEEE Xplore
Audio Deepfake Detection: End-to-End training with powerful pretrained ASR,,,B,IEEE Xplore,0,1,0,
Audio-Visual Temporal Forgery Detection Using Embedding-Level Fusion and Multi-Dimensional Contrastive Loss,,,A,IEEE Xplore,0,1,0,
Autonomous Detection and Evaluation of Deepfakes: A Comprehensive Study,,,A,IEEE Xplore,0,1,0,
BMNet: Enhancing Deepfake Detection Through BiLSTM and Multi-Head Self-Attention Mechanism,10.1109/ACCESS.2025.3533653,https://ieeexplore.ieee.org/stamp/stamp.jsp?arnumber=10852294,C,,0,0,0,IEEE Xplore
BSM-DND: Bias and Sensitivity-Aware Multilingual Deepfake News Detection Using Bloom Filters and Recurrent Feature Elimination,10.1109/ACCESS.2025.3609831,https://ieeexplore.ieee.org/stamp/stamp.jsp?arnumber=11169321,C,,0,0,0,IEEE Xplore
Benchmarking Audio Deepfake Detection Robustness in Real-World Communication Scenarios,,,B,IEEE Xplore,0,1,0,
Benchmarking Audio Deepfake Detection Robustness in Real-World Communication Scenarios,10.23919/EUSIPCO63237.2025.11226601,https://ieeexplore.ieee.org/stamp/stamp.jsp?arnumber=11226601,C,,0,0,0,IEEE Xplore
Benchmarking Joint Face Spoofing and Forgery Detection With Visual and Physiological Cues,10.1109/TDSC.2024.3352049,https://ieeexplore.ieee.org/stamp/stamp.jsp?arnumber=10387780,C,,0,0,0,IEEE Xplore
Beyond Accuracy: Explainable Multimodal Deepfake Detection Through Cross-Modal Feature Analysis and Dynamic Attention Weighting,10.1109/QPAIN66474.2025.11171737,https://ieeexplore.ieee.org/stamp/stamp.jsp?arnumber=11171737,C,,0,0,0,IEEE Xplore
Beyond Accuracy: Explainable Multimodal Deepfake Detection Through Cross-Modal Feature Analysis and Dynamic Attention Weighting,,,A|B,IEEE Xplore,0,1,0,
Beyond Deepfake Images: Detecting AI-Generated Videos,,,B,IEEE Xplore,0,1,0,
BiFAT: Bilateral Filtering and Attention Mechanisms in a Two-Stream Model for Deepfake Detection,,,B,Scopus,1,0,0,
Blockchain Based Deepfake Video Detection Using Deep Learning,10.1109/ICETI4T63625.2025.11132246,https://ieeexplore.ieee.org/stamp/stamp.jsp?arnumber=11132246,C,,0,0,0,IEEE Xplore
Blockwise Spectral Analysis for Deepfake Detection in High-fidelity Videos,,,B,IEEE Xplore,0,1,0,
Boosting Deep Feature Fusion-Based Detection Model for Fake Faces Generated by Generative Adversarial Networks for Consumer Space Environment,10.1109/ACCESS.2024.3470128,https://ieeexplore.ieee.org/stamp/stamp.jsp?arnumber=10699337,C,,0,0,0,IEEE Xplore
Boosting Deepfake Detection Generalizability via Expansive Learning and Confidence Judgement,,,B,IEEE Xplore,0,1,0,
CAL-Net: a continual adaptive learning network for deepfake detection using multi-track fusion and domain adaptation,,,B,Scopus,1,0,0,
CIPHER: Counterfeit Image Pattern High-level Examination via Representation for GAN and Diffusion Discriminator Learning,,,B,IEEE Xplore,0,1,0,
CIPHER: Counterfeit Image Pattern High-level Examination via Representation for GAN and Diffusion Discriminator Learning,10.1109/ICCE-Asia67487.2025.11263770,https://ieeexplore.ieee.org/stamp/stamp.jsp?arnumber=11263770,C,,0,0,0,IEEE Xplore
CNN and Transformer-coordinated deepfake detection; CNN 结合 Transformer 的深度伪造高效检测,,,B,Scopus,1,0,0,
CNN based Deep Learning model for Deepfake Detection,10.1109/ASIANCON55314.2022.9908862,https://ieeexplore.ieee.org/stamp/stamp.jsp?arnumber=9908862,C,,0,0,0,IEEE Xplore
Capsule Networks and LSTM Models for Robust Deepfake Detection in Audio and Video,10.1109/ICICNIS64247.2024.10823109,https://ieeexplore.ieee.org/stamp/stamp.jsp?arnumber=10823109,C,,0,0,0,IEEE Xplore
Capturing the Persistence of Facial Expression Features for Deepfake Video Detection,https://www.scopus.com/inward/record.uri?eid=2-s2.0-85081173102&partnerID=40&md5=1f8c95fa77c0da45c34b2cb2547bf2ff,https://www.scopus.com/inward/record.uri?eid=2-s2.0-85081173102&partnerID=40&md5=1f8c95fa77c0da45c34b2cb2547bf2ff,C,,0,0,0,Scopus
Cascaded ResNet50-LSTM Architecture for Deepfake Video Identification,10.1109/ICEPE65965.2025.11139778,https://ieeexplore.ieee.org/stamp/stamp.jsp?arnumber=11139778,C,,0,0,0,IEEE Xplore
Centroid-based Contrastive Consistency Learning for transferable deepfake detection,https://www.scopus.com/inward/record.uri?eid=2-s2.0-105001413488&partnerID=40&md5=f72b66751f969d1229e60a9c69bbae99,https://www.scopus.com/inward/record.uri?eid=2-s2.0-105001413488&partnerID=40&md5=f72b66751f969d1229e60a9c69bbae99,C,,0,0,0,Scopus
Chapter 5 - Low-level feature extraction (including edge detection)∗,,,B,ScienceDirect,0,0,1,
Chapter 8 - Manipulating faces for identity theft via morphing and deepfake: Digital privacy,,,A|B,ScienceDirect,0,0,1,
Circumventing shortcuts in audio-visual deepfake detection datasets with unsupervised learning,,,A,IEEE Xplore,0,1,0,
Cognitive Inspired Generalization Boosting for Face Forgery Detection,,,B,IEEE Xplore,0,1,0,
CombinedNet: A Hybrid Model for Deepfake Audio Detection Using Deep Learning Techniques,10.1109/IJCNN64981.2025.11229182,https://ieeexplore.ieee.org/stamp/stamp.jsp?arnumber=11229182,C,,0,0,0,IEEE Xplore
Comparative Analyais of CNN Architectures for Deep Fake Detection,10.1109/ISACC65211.2025.10969171,https://ieeexplore.ieee.org/stamp/stamp.jsp?arnumber=10969171,C,,0,0,0,IEEE Xplore
Comparative Analysis Of Deep Learning for Robust Deepfake Detection,10.1109/AECE62803.2024.10911049,https://ieeexplore.ieee.org/stamp/stamp.jsp?arnumber=10911049,C,,0,0,0,IEEE Xplore
Comparative Analysis and Evaluation of CNN Models for Deepfake Detection,10.1109/AiDAS60501.2023.10284611,https://ieeexplore.ieee.org/stamp/stamp.jsp?arnumber=10284611,C,,0,0,0,IEEE Xplore
Comparative Analysis of DeepFake Detection Methods,,,A,IEEE Xplore,0,1,0,
Comparative Evaluation of Xception and DenseNet121 for Robust Deepfake Detection,10.23919/INDIACom66777.2025.11115841,https://ieeexplore.ieee.org/stamp/stamp.jsp?arnumber=11115841,C,,0,0,0,IEEE Xplore
Comparative Study: Deepfake Detection in Tamil Speech using Hybrid Convolutional Networks,10.1109/WiSPNET64060.2025.11005318,https://ieeexplore.ieee.org/stamp/stamp.jsp?arnumber=11005318,C,,0,0,0,IEEE Xplore
Comparison of deepfake detection using CNN and hybrid models,https://www.scopus.com/inward/record.uri?eid=2-s2.0-105023988519&partnerID=40&md5=0c48f5b82665f60e63eec80e3d65cf2a,https://www.scopus.com/inward/record.uri?eid=2-s2.0-105023988519&partnerID=40&md5=0c48f5b82665f60e63eec80e3d65cf2a,C,,0,0,0,Scopus
Complex-valued neural networks for voice anti-spoofing,,,B,Scopus,1,0,0,
Comprehensive Analysis of Deepfake Detection Models,10.1109/ICETI4T63625.2025.11132138,https://ieeexplore.ieee.org/stamp/stamp.jsp?arnumber=11132138,C,,0,0,0,IEEE Xplore
Comprehensive Exploration of Deepfake Detection Using Deep Learning,https://www.scopus.com/inward/record.uri?eid=2-s2.0-85208021779&partnerID=40&md5=f998b7a51f7e5f642415a4e889388342,https://www.scopus.com/inward/record.uri?eid=2-s2.0-85208021779&partnerID=40&md5=f998b7a51f7e5f642415a4e889388342,C,,0,0,0,Scopus
Compressed Deepfake Detection using Spatio-Temporal Approach with Model Pruning,,,B,ScienceDirect,0,0,1,
ConTrans-Detect: A Multi-Scale Convolution-Transformer Network for DeepFake Video Detection,10.1109/M2VIP58386.2023.10413387,https://ieeexplore.ieee.org/stamp/stamp.jsp?arnumber=10413387,C,,0,0,0,IEEE Xplore
Constructing New Backbone Networks via Space-Frequency Interactive Convolution for Deepfake Detection,,,B,IEEE Xplore,0,1,0,
Content-Invariant Spatio-Temporal Neural Framework for Forgery Detection in Image Sequences,10.1109/ICUMT67815.2025.11268794,https://ieeexplore.ieee.org/stamp/stamp.jsp?arnumber=11268794,C,,0,0,0,IEEE Xplore
Context-Aware Deepfake Detection for Securing AI-Driven Financial Transactions,,,B,"IEEE Xplore, Scopus",1,1,0,
Context-Preserving and Sparsity-Aware Temporal Graph Network for Unified Face Forgery Detection,,,A,IEEE Xplore,0,1,0,
Context-Preserving and Sparsity-Aware Temporal Graph Network for Unified Face Forgery Detection,10.1109/TCE.2025.3633697,https://ieeexplore.ieee.org/stamp/stamp.jsp?arnumber=11250982,C,,0,0,0,IEEE Xplore
ConvNext-PNet: An interpretable and explainable deep-learning model for deepfakes detection,10.1109/IJCB62174.2024.10744484,https://ieeexplore.ieee.org/stamp/stamp.jsp?arnumber=10744484,C,,0,0,0,IEEE Xplore
Critical Contour Prior-Guided Graph Learning With Pose Calibration for Identity-Aware Deepfake Detection,,,A,"IEEE Xplore, Scopus",1,1,0,
Critical Information Only: a Content Privacy-Preserving Framework for Detecting Audio Deepfakes,10.1109/TDSC.2025.3624972,https://ieeexplore.ieee.org/stamp/stamp.jsp?arnumber=11216043,C,,0,0,0,IEEE Xplore
Cross-Domain Deepfake Detection Based on Latent Domain Knowledge Distillation,,,B,IEEE Xplore,0,1,0,
Customized Convolutional Neural Network for Accurate Detection of Deep Fake Images in Video Collections,,,A,ScienceDirect,0,0,1,
Customized Transformer Adapter With Frequency Masking for Deepfake Detection,,,B,"IEEE Xplore, Scopus",1,1,0,
D3: Scaling Up Deepfake Detection by Learning from Discrepancy,,,B,IEEE Xplore,0,1,0,
DAF-Net: A Data-Analytics-Driven Adaptive Framework for Deepfake Detection Using Hybrid Deep Learning Models,10.1109/ACROSET66531.2025.11280662,https://ieeexplore.ieee.org/stamp/stamp.jsp?arnumber=11280662,C,,0,0,0,IEEE Xplore
DDEM: Deepfake Detection Enhanced Model for Image Forgery Detection Combat Academic Misconduct,10.1109/BESC64747.2024.10780724,https://ieeexplore.ieee.org/stamp/stamp.jsp?arnumber=10780724,C,,0,0,0,IEEE Xplore
DDEM: Deepfake Detection Enhanced Model for Image Forgery Detection Combat Academic Misconduct,,,B,IEEE Xplore,0,1,0,
DDL: Effective and Comprehensible Interpretation Framework for Diverse Deepfake Detectors,,,B,IEEE Xplore,0,1,0,
"DEFENDAI: Enhancing Deepfake Detection with Hybrid Architectures using EfficientNet, XceptionNet, Vision Transform and LSTM",10.1109/ICSSAS66150.2025.11081343,https://ieeexplore.ieee.org/stamp/stamp.jsp?arnumber=11081343,C,,0,0,0,IEEE Xplore
DF-VLAD: Deepfake Video Detection based on Feature Aggregation,10.1109/ITME53901.2021.00029,https://ieeexplore.ieee.org/stamp/stamp.jsp?arnumber=9750563,C,,0,0,0,IEEE Xplore
DFFMD: A Deepfake Face Mask Dataset for Infectious Disease Era With Deepfake Detection Algorithms,10.1109/ACCESS.2023.3246661,https://ieeexplore.ieee.org/stamp/stamp.jsp?arnumber=10049065,C,,0,0,0,IEEE Xplore
DFGNN: An interpretable and generalized graph neural network for deepfakes detection,https://www.scopus.com/inward/record.uri?eid=2-s2.0-85150031931&partnerID=40&md5=3edfb1f198f3f130968e2c5e40bd4c42,https://www.scopus.com/inward/record.uri?eid=2-s2.0-85150031931&partnerID=40&md5=3edfb1f198f3f130968e2c5e40bd4c42,C,,0,0,0,Scopus
DIP: Diffusion Learning of Inconsistency Pattern for General DeepFake Detection,,,B,IEEE Xplore,0,1,0,
DIP: Diffusion Learning of Inconsistency Pattern for General DeepFake Detection,10.1109/TMM.2024.3521766,https://ieeexplore.ieee.org/stamp/stamp.jsp?arnumber=10814697,C,,0,0,0,IEEE Xplore
"Datasets, clues and state-of-the-arts for multimedia forensics: An extensive review",,,A|B,ScienceDirect,0,0,1,
Deciphering Deception-LSTM Combats Deepfake Audios,10.1109/ICTACS62700.2024.10841007,https://ieeexplore.ieee.org/stamp/stamp.jsp?arnumber=10841007,C,,0,0,0,IEEE Xplore
Decoding Voice Authenticity: An Exploration of Deep Learning and Audio Feature Techniques,10.1109/IDCIOT64235.2025.10914906,https://ieeexplore.ieee.org/stamp/stamp.jsp?arnumber=10914906,C,,0,0,0,IEEE Xplore
Decoding fake news fabrications and trends: A comprehensive survey,,,A|B,ScienceDirect,0,0,1,
DeePhyNet: Toward Detecting Phylogeny in Deepfakes,,,B,IEEE Xplore,0,1,0,
Deep Fake Detection for Preventing Audio and Video Frauds Using Advanced Deep Learning Techniques,https://www.scopus.com/inward/record.uri?eid=2-s2.0-85208283475&partnerID=40&md5=c6b295f59e6d76c28be156c4079d15cb,https://www.scopus.com/inward/record.uri?eid=2-s2.0-85208283475&partnerID=40&md5=c6b295f59e6d76c28be156c4079d15cb,C,,0,0,0,Scopus
Deep Fake Detection using Adversarial Ensemble Techniques,10.1109/ICISC62624.2024.00041,https://ieeexplore.ieee.org/stamp/stamp.jsp?arnumber=10677707,C,,0,0,0,IEEE Xplore
Deep Fake Detection with Hybrid Activation Function Enabled Adaptive Milvus Optimization-Based Deep Convolutional Neural Network,10.1109/ICMCSI64620.2025.10883193,https://ieeexplore.ieee.org/stamp/stamp.jsp?arnumber=10883193,C,,0,0,0,IEEE Xplore
Deep Learning Based Deepfake Video Detection System,10.1109/ICDT63985.2025.10986738,https://ieeexplore.ieee.org/stamp/stamp.jsp?arnumber=10986738,C,,0,0,0,IEEE Xplore
Deep fake Image Detection Based on Deep Learning Using a Hybrid CNN-LSTM with Machine Learning Architectures as Classifier,10.1109/HORA61326.2024.10550728,https://ieeexplore.ieee.org/stamp/stamp.jsp?arnumber=10550728,C,,0,0,0,IEEE Xplore
Deep learning for deepfakes creation and detection: A survey,,,A|B,ScienceDirect,0,0,1,
DeepFake Creation and Detection:A Survey,10.1109/ICIRCA51532.2021.9544522,https://ieeexplore.ieee.org/stamp/stamp.jsp?arnumber=9544522,C,,0,0,0,IEEE Xplore
DeepFake Detection with Multi-View Fusion and Graph Convolutional Network,10.1109/TMM.2025.3618565,https://ieeexplore.ieee.org/stamp/stamp.jsp?arnumber=11194129,C,,0,0,0,IEEE Xplore
DeepFake Face Detection using Machine Learning with LSTM,10.1109/ICCSP60870.2024.10544299,https://ieeexplore.ieee.org/stamp/stamp.jsp?arnumber=10544299,C,,0,0,0,IEEE Xplore
DeepFake Image Detection Using Adaptive Discriminator Augmentation (ADA),10.1109/ICONNIC59854.2023.10467610,https://ieeexplore.ieee.org/stamp/stamp.jsp?arnumber=10467610,C,,0,0,0,IEEE Xplore
DeepFake detection method based on multi-scale interactive dual-stream network,,,B,Scopus,1,0,0,
DeepFake video detection: Insights into model generalisation — A Systematic review,,,A|B,ScienceDirect,0,0,1,
DeepFakeGuard: Real-Time Deepfake Video Detection Leveraging Celeb-DF Dataset and CNN-LSTM Framework,10.1109/ICOECA66273.2025.00133,https://ieeexplore.ieee.org/stamp/stamp.jsp?arnumber=11113856,C,,0,0,0,IEEE Xplore
DeepFakeGuard: Real-Time Deepfake Video Detection Leveraging Celeb-DF Dataset and CNN-LSTM Framework,,,A,IEEE Xplore,0,1,0,
DeepGuard: A Hybrid CNN-LSTM Framework for Robust Deepfake Video Detection with Spatiotemporal Analysis,10.1109/ICSCDS65426.2025.11166809,https://ieeexplore.ieee.org/stamp/stamp.jsp?arnumber=11166809,C,,0,0,0,IEEE Xplore
DeepGuardNet: A Novel CNN Architecture for DeepFake Image Detection,,,A,ScienceDirect,0,0,1,
DeepMark: A Platform Ensuring Content Integrity,,,A,IEEE Xplore,0,1,0,
DeepShield: AI-Powered Deepfake Detection,10.1109/CONIT65521.2025.11167853,https://ieeexplore.ieee.org/stamp/stamp.jsp?arnumber=11167853,C,,0,0,0,IEEE Xplore
DeepViT-Detect: A Deep Vision Transformer-Based Approach for Robust Deepfake Video Detection,10.1109/ICIMIA67127.2025.11200731,https://ieeexplore.ieee.org/stamp/stamp.jsp?arnumber=11200731,C,,0,0,0,IEEE Xplore
Deepfaceguard: A Lightweight CNN Framework for Robust Face Manipulation Detection,10.1109/NMITCON65824.2025.11188219,https://ieeexplore.ieee.org/stamp/stamp.jsp?arnumber=11188219,C,,0,0,0,IEEE Xplore
"Deepfake Audio Detection: a Multi Model, Multi Dataset Performance Study Using Deep Learning Architectures",,,B,IEEE Xplore,0,1,0,
"Deepfake Audio Detection: a Multi Model, Multi Dataset Performance Study Using Deep Learning Architectures",10.1109/ICICNCT66124.2025.11232782,https://ieeexplore.ieee.org/stamp/stamp.jsp?arnumber=11232782,C,,0,0,0,IEEE Xplore
Deepfake Circumvention Using Machine Learning,10.1109/ICPECTS62210.2024.10780152,https://ieeexplore.ieee.org/stamp/stamp.jsp?arnumber=10780152,C,,0,0,0,IEEE Xplore
Deepfake Content Detection using Deep Learning Techniques,10.1109/ICSSAS66150.2025.11081378,https://ieeexplore.ieee.org/stamp/stamp.jsp?arnumber=11081378,C,,0,0,0,IEEE Xplore
Deepfake Detection Based on LSTM Networks with Facial Geometric Features,,,B,IEEE Xplore,0,1,0,
Deepfake Detection Based on LSTM Networks with Facial Geometric Features,10.1109/EICCT65471.2025.11099876,https://ieeexplore.ieee.org/stamp/stamp.jsp?arnumber=11099876,C,,0,0,0,IEEE Xplore
Deepfake Detection Based on Multi-scale RGB-Frequency Feature Fusion,,,B,"IEEE Xplore, Scopus",1,1,0,
Deepfake Detection Based on Visual Lip-sync Match and Blink Rate,,,A,Scopus,1,0,0,
Deepfake Detection Based on the Adaptive Fusion of Spatial-Frequency Features,,,B,Scopus,1,0,0,
Deepfake Detection Fighting Against Noisy Label Attack,,,B,IEEE Xplore,0,1,0,
Deepfake Detection From Face-swapped Videos Using Transfer Learning Approach,10.1109/ICCIT60459.2023.10441067,https://ieeexplore.ieee.org/stamp/stamp.jsp?arnumber=10441067,C,,0,0,0,IEEE Xplore
Deepfake Detection Method Based on Spatio-Temporal Information Fusion,https://www.scopus.com/inward/record.uri?eid=2-s2.0-105003321518&partnerID=40&md5=73f1d21f2ea03ed858e54e5642096667,https://www.scopus.com/inward/record.uri?eid=2-s2.0-105003321518&partnerID=40&md5=73f1d21f2ea03ed858e54e5642096667,C,,0,0,0,Scopus
Deepfake Detection Model Based on VGGFace with Head Pose Estimation Technique,,,A,Scopus,1,0,0,
Deepfake Detection Model Combining Texture Differences and Frequency Domain Information,,,B,Scopus,1,0,0,
Deepfake Detection Using AI And Machine Learning Algorithms,10.1109/IC2E365635.2025.11167331,https://ieeexplore.ieee.org/stamp/stamp.jsp?arnumber=11167331,C,,0,0,0,IEEE Xplore
Deepfake Detection Using Advanced Learning Frameworks and Benchmark Evaluation,10.1109/ICCCNP63914.2025.11233705,https://ieeexplore.ieee.org/stamp/stamp.jsp?arnumber=11233705,C,,0,0,0,IEEE Xplore
Deepfake Detection Using Deep Learning,,,A,IEEE Xplore,0,1,0,
Deepfake Detection Using EfficientNet and XceptionNet,10.1109/ICICIS58388.2023.10391114,https://ieeexplore.ieee.org/stamp/stamp.jsp?arnumber=10391114,C,,0,0,0,IEEE Xplore
Deepfake Detection Using Graph Representation with Multi-dimensional Features,10.1109/SWC57546.2023.10449093,https://ieeexplore.ieee.org/stamp/stamp.jsp?arnumber=10449093,C,,0,0,0,IEEE Xplore
Deepfake Detection Using Graph Representation with Multi-dimensional Features,,,B,IEEE Xplore,0,1,0,
Deepfake Detection Using Robust Spatial and Temporal Features from Facial Landmarks,,,A,"IEEE Xplore, Scopus",1,1,0,
Deepfake Detection Using Robust Spatial and Temporal Features from Facial Landmarks,10.1109/IWBF50991.2021.9465076,https://ieeexplore.ieee.org/stamp/stamp.jsp?arnumber=9465076,C,,0,0,0,IEEE Xplore
Deepfake Detection Utilizing Enhanced Silicon-Based Physically Unclonable Functions Integrated with Photonic Crystal Fiber Sensor,https://www.scopus.com/inward/record.uri?eid=2-s2.0-105010591738&partnerID=40&md5=6d6839e3d34a1ddf89979ac92475145c,https://www.scopus.com/inward/record.uri?eid=2-s2.0-105010591738&partnerID=40&md5=6d6839e3d34a1ddf89979ac92475145c,C,,0,0,0,Scopus
Deepfake Detection and Cybersecurity Index: The Role of Computer Vision as a Digital Forensic Tool,,,B,IEEE Xplore,0,1,0,
Deepfake Detection and Localization Using Multi-View Inconsistency Measurement,,,B,IEEE Xplore,0,1,0,
Deepfake Detection for Enhanced Security in Workplace Environments Using Deep Learning Techniques,10.1109/ICICT64582.2025.00033,https://ieeexplore.ieee.org/stamp/stamp.jsp?arnumber=11058521,C,,0,0,0,IEEE Xplore
Deepfake Detection in the Era of AI: State-Of-the-art Methods and Open Challenges,10.1109/ACROSET66531.2025.11281068,https://ieeexplore.ieee.org/stamp/stamp.jsp?arnumber=11281068,C,,0,0,0,IEEE Xplore
Deepfake Detection on Videos Based on Ratio Images,10.1109/IIAIAAI55812.2022.00086,https://ieeexplore.ieee.org/stamp/stamp.jsp?arnumber=9894567,C,,0,0,0,IEEE Xplore
Deepfake Detection using GAN Discriminators,10.1109/BigDataService52369.2021.00014,https://ieeexplore.ieee.org/stamp/stamp.jsp?arnumber=9564096,C,,0,0,0,IEEE Xplore
Deepfake Detection using Multi-Stream Convolutional Neural Networks with Attention-based Fusion,,,B,IEEE Xplore,0,1,0,
Deepfake Detection using Multi-Stream Convolutional Neural Networks with Attention-based Fusion,10.1109/ICICNCT66124.2025.11232837,https://ieeexplore.ieee.org/stamp/stamp.jsp?arnumber=11232837,C,,0,0,0,IEEE Xplore
Deepfake Detection using XAI based Deep Fusion Models,,,B,IEEE Xplore,0,1,0,
Deepfake Detection using a Two-Stream Capsule Network,,,A|C,IEEE Xplore,0,1,0,IEEE Xplore
Deepfake Detection via Spatial-Frequency Attention Network,,,B,"IEEE Xplore, Scopus",1,1,0,
Deepfake Detection with Spatio-Temporal Consistency and Attention,10.1109/DICTA56598.2022.10034609,https://ieeexplore.ieee.org/stamp/stamp.jsp?arnumber=10034609,C,,0,0,0,IEEE Xplore
Deepfake Detection: A Multi-Algorithmic and Multi-Modal Approach for Robust Detection and Analysis,10.1109/RMKMATE59243.2023.10369155,https://ieeexplore.ieee.org/stamp/stamp.jsp?arnumber=10369155,C,,0,0,0,IEEE Xplore
Deepfake Detection: A Systematic Literature Review,,,A,IEEE Xplore,0,1,0,
Deepfake Detection: Demodulate Synthetic Videos Using Deep Learning Models,10.23919/INDIACom66777.2025.11115707,https://ieeexplore.ieee.org/stamp/stamp.jsp?arnumber=11115707,C,,0,0,0,IEEE Xplore
Deepfake Detection: Demodulate Synthetic Videos Using Deep Learning Models,,,A,IEEE Xplore,0,1,0,
Deepfake Facial Recognition for Video Clips,10.1109/PICET60765.2024.10716129,https://ieeexplore.ieee.org/stamp/stamp.jsp?arnumber=10716129,C,,0,0,0,IEEE Xplore
Deepfake Forensics Leveraging MobileNetV2 for High Precision Detection,,,B,IEEE Xplore,0,1,0,
Deepfake Generation and Detection: Case Study and Challenges,10.1109/ACCESS.2023.3342107,https://ieeexplore.ieee.org/stamp/stamp.jsp?arnumber=10354308,C,,0,0,0,IEEE Xplore
"Deepfake Generation, Detection and Datasets: a Rapid-review",10.1109/ISCTURKEY56345.2022.9931802,https://ieeexplore.ieee.org/stamp/stamp.jsp?arnumber=9931802,C,,0,0,0,IEEE Xplore
Deepfake Image Detection Using Yolov8,10.1109/PuneCon63413.2024.10895706,https://ieeexplore.ieee.org/stamp/stamp.jsp?arnumber=10895706,C,,0,0,0,IEEE Xplore
Deepfake Image Detection using Deep Learning,10.1109/AIDE64228.2025.10987437,https://ieeexplore.ieee.org/stamp/stamp.jsp?arnumber=10987437,C,,0,0,0,IEEE Xplore
Deepfake Image Forensics for Privacy Protection and Authenticity Using Deep Learning,,,A,Scopus,1,0,0,
Deepfake Video Authentication Based on Blockchain,,,B,IEEE Xplore,0,1,0,
Deepfake Video Detection Based on Improved CapsNet and Temporal–Spatial Features,https://www.scopus.com/inward/record.uri?eid=2-s2.0-85148000937&partnerID=40&md5=a969d8229bd49132b7ee0ac8e944c6fe,https://www.scopus.com/inward/record.uri?eid=2-s2.0-85148000937&partnerID=40&md5=a969d8229bd49132b7ee0ac8e944c6fe,C,,0,0,0,Scopus
"Deepfake Video Detection Based on Spatial, Spectral, and Temporal Inconsistencies Using Multimodal Deep Learning",10.1109/AIPR50011.2020.9425167,https://ieeexplore.ieee.org/stamp/stamp.jsp?arnumber=9425167,C,,0,0,0,IEEE Xplore
Deepfake Video Detection Methods using Deep Neural Networks,10.1109/ICICICT54557.2022.9917701,https://ieeexplore.ieee.org/stamp/stamp.jsp?arnumber=9917701,C,,0,0,0,IEEE Xplore
Deepfake Video Detection Model Based on Consistency of Spatial-Temporal Features; 基于时空特征一致性的Deepfake视频检测模型,https://www.scopus.com/inward/record.uri?eid=2-s2.0-85088657032&partnerID=40&md5=8c0156d45d7ed5a1882211b167b01b1d,https://www.scopus.com/inward/record.uri?eid=2-s2.0-85088657032&partnerID=40&md5=8c0156d45d7ed5a1882211b167b01b1d,C,,0,0,0,Scopus
Deepfake Video Detection Using Ada-Boosting on the DFDC Dataset,,,A|B,ScienceDirect,0,0,1,
Deepfake Video Detection Using Spatiotemporal Convolutional Network and Photo Response Non Uniformity,10.1109/ICOSNIKOM56551.2022.10034890,https://ieeexplore.ieee.org/stamp/stamp.jsp?arnumber=10034890,C,,0,0,0,IEEE Xplore
Deepfake Video Detection Using the Frequency Characteristic of Remote Photoplethysmography,,,B,Scopus,1,0,0,
Deepfake Video Detection by Combining Convolutional Neural Network (CNN) and Recurrent Neural Network (RNN),,,A,IEEE Xplore,0,1,0,
Deepfake Video Detection by Combining Convolutional Neural Network (CNN) and Recurrent Neural Network (RNN),10.1109/CSAIEE54046.2021.9543264,https://ieeexplore.ieee.org/stamp/stamp.jsp?arnumber=9543264,C,,0,0,0,IEEE Xplore
Deepfake Video Detection on Social Networks Using Multi-domain Aware Driven by Common Mechanism Analysis Between Artifacts; 伪影间共性机理驱动的多域感知社交网络深度伪造视频检测,,,B,Scopus,1,0,0,
Deepfake Video Detection: A Comprehensive Survey of Advanced Machine Learning and Deep Learning Techniques to Combat Synthetic Video Manipulation,10.1109/ICMSCI62561.2025.10894187,https://ieeexplore.ieee.org/stamp/stamp.jsp?arnumber=10894187,C,,0,0,0,IEEE Xplore
Deepfake Video Detection: Analysis for Deep Learning models using Transfer Learning,10.1109/ACIT62805.2024.10877153,https://ieeexplore.ieee.org/stamp/stamp.jsp?arnumber=10877153,C,,0,0,0,IEEE Xplore
Deepfake Video Prediction Using Attention-Based CNN and Mel-Frequency Cepstral Coefficients,10.1109/ICEEICT61591.2024.10718393,https://ieeexplore.ieee.org/stamp/stamp.jsp?arnumber=10718393,C,,0,0,0,IEEE Xplore
Deepfake Voice Detection: Countering Deepfake Audio with Deep Learning Architectures,10.1109/ICAIT68809.2025.11236771,https://ieeexplore.ieee.org/stamp/stamp.jsp?arnumber=11236771,C,,0,0,0,IEEE Xplore
Deepfake Voice Detection: Countering Deepfake Audio with Deep Learning Architectures,,,B,IEEE Xplore,0,1,0,
Deepfake detection based on Spatio-Temporal Fusion,,,B,"IEEE Xplore, Scopus",1,1,0,
Deepfake detection based on Spatio-Temporal Fusion,10.1109/ICIMCT.2025.00024,https://ieeexplore.ieee.org/stamp/stamp.jsp?arnumber=11185707,C,,0,0,0,IEEE Xplore
Deepfake detection based on cross-domain local characteristic analysis with multi-domain transformer,,,B,Scopus,1,0,0,
Deepfake detection for preventing Audio and Video frauds using Advanced Deep Learning Techniques,https://www.scopus.com/inward/record.uri?eid=2-s2.0-85186082979&partnerID=40&md5=93523ccb77c3599820cd812e2ab56eef,https://www.scopus.com/inward/record.uri?eid=2-s2.0-85186082979&partnerID=40&md5=93523ccb77c3599820cd812e2ab56eef,C,,0,0,0,Scopus
Deepfake detection method based on multi-feature fusion of frequency domain and spatial domain; 基于频域和空域多特征融合的深度伪造检测方法,,,B,Scopus,1,0,0,
Deepfake detection using LSTM-based neural network,https://www.scopus.com/inward/record.uri?eid=2-s2.0-85148481985&partnerID=40&md5=2992c5a3f0f106f4df65684d37398231,https://www.scopus.com/inward/record.uri?eid=2-s2.0-85148481985&partnerID=40&md5=2992c5a3f0f106f4df65684d37398231,C,,0,0,0,Scopus
"Deepfake video detection methods, approaches, and challenges",,,A|B,ScienceDirect,0,0,1,
Deepfakes Detection Methods: A Literature Survey,10.1109/ICIAfS52090.2021.9606067,https://ieeexplore.ieee.org/stamp/stamp.jsp?arnumber=9606067,C,,0,0,0,IEEE Xplore
Deepfakes Examiner: An End-to-End Deep Learning Model for Deepfakes Videos Detection,10.1109/ICOSST57195.2022.10016871,https://ieeexplore.ieee.org/stamp/stamp.jsp?arnumber=10016871,C,,0,0,0,IEEE Xplore
Deepfakes as a threat to a speaker and facial recognition: An overview of tools and attack vectors,,,A,ScienceDirect,0,0,1,
"Deepfakes in digital media forensics: Generation, AI-based detection and challenges",,,A|B,ScienceDirect,0,0,1,
"Deepfakes: Deceptions, mitigations, and opportunities",,,A,ScienceDirect,0,0,1,
DefakeHop: A Light-Weight High-Performance Deepfake Detector,10.1109/ICME51207.2021.9428361,https://ieeexplore.ieee.org/stamp/stamp.jsp?arnumber=9428361,C,,0,0,0,IEEE Xplore
Design and development of an efficient RLNet prediction model for deepfake video detection,https://www.scopus.com/inward/record.uri?eid=2-s2.0-105011341559&partnerID=40&md5=098e7a288d8988a7ccfaa681982a7a03,https://www.scopus.com/inward/record.uri?eid=2-s2.0-105011341559&partnerID=40&md5=098e7a288d8988a7ccfaa681982a7a03,C,,0,0,0,Scopus
Detecting Cross-domain Deepfake Videos with Contrastive Prototype Learning,10.1109/IJCNN64981.2025.11227763,https://ieeexplore.ieee.org/stamp/stamp.jsp?arnumber=11227763,C,,0,0,0,IEEE Xplore
Detecting Deepfake Videos using Face Recognition and Neural Networks,10.1109/ICC-ROBINS60238.2024.10534025,https://ieeexplore.ieee.org/stamp/stamp.jsp?arnumber=10534025,C,,0,0,0,IEEE Xplore
Detecting Deepfakes Through the Classification of Facial Active and Passive Features Using Machine Learning,,,A,Scopus,1,0,0,
Detecting Deepfakes and Artificial Intelligence-Generated Art,,,A|C,IEEE Xplore,0,1,0,Scopus
Detecting Deepfakes in Alternative Color Spaces to Withstand Unseen Corruptions,,,B,IEEE Xplore,0,1,0,
Detecting Deepfakes using Temporal Consistency of Facial Expression Transitions,10.1109/PST65910.2025.11268852,https://ieeexplore.ieee.org/stamp/stamp.jsp?arnumber=11268852,C,,0,0,0,IEEE Xplore
Detecting Digital Deception: A CNN-RNN hybrid Approach of Deepfake Detection,10.1109/ICPCT64145.2025.10940830,https://ieeexplore.ieee.org/stamp/stamp.jsp?arnumber=10940830,C,,0,0,0,IEEE Xplore
Detecting Manipulated Audio Using Adaboost Machine Learning Algorithm,10.1109/InCACCT61598.2024.10550994,https://ieeexplore.ieee.org/stamp/stamp.jsp?arnumber=10550994,C,,0,0,0,IEEE Xplore
Detecting deepfake videos based on spatiotemporal attention and convolutional LSTM,https://www.scopus.com/inward/record.uri?eid=2-s2.0-85128119994&partnerID=40&md5=581010604140a13109c1122b7435cd0a,https://www.scopus.com/inward/record.uri?eid=2-s2.0-85128119994&partnerID=40&md5=581010604140a13109c1122b7435cd0a,C,,0,0,0,Scopus
Detecting facial manipulated images via one-class domain generalization,,,B,Scopus,1,0,0,
Detection Of Deepfake Images,,,B,IEEE Xplore,0,1,0,
Detection of Compressed DeepFake Video Drawbacks and Technical Developments,10.1109/ICSPIS57063.2022.10002433,https://ieeexplore.ieee.org/stamp/stamp.jsp?arnumber=10002433,C,,0,0,0,IEEE Xplore
Detection of Deepfake Environmental Audio,10.23919/EUSIPCO63174.2024.10715076,https://ieeexplore.ieee.org/stamp/stamp.jsp?arnumber=10715076,C,,0,0,0,IEEE Xplore
Detection of Deepfake Medical Images Based on Spatial and Frequency Domain Analysis,,,B,"IEEE Xplore, Scopus",1,1,0,
Detection of Deepfake Video using Deep Learning and MesoNet,10.1109/ICCES57224.2023.10192854,https://ieeexplore.ieee.org/stamp/stamp.jsp?arnumber=10192854,C,,0,0,0,IEEE Xplore
Detection of Diffusion Model-Generated Faces by Assessing Smoothness and Noise Tolerance,,,B,IEEE Xplore,0,1,0,
Detection of Real and Manipulated Videos using the Transfer Learning Approach of Deep-Learning Models,10.1109/GCAT62922.2024.10924003,https://ieeexplore.ieee.org/stamp/stamp.jsp?arnumber=10924003,C,,0,0,0,IEEE Xplore
Development of AI/ML-based solution for detection of face-swap based deepfake videos and AI-generated videos,10.1109/InC465408.2025.11256330,https://ieeexplore.ieee.org/stamp/stamp.jsp?arnumber=11256330,C,,0,0,0,IEEE Xplore
DiffSeg: Towards Detecting Diffusion-Based Inpainting Attacks Using Multi-Feature Segmentation,,,B,IEEE Xplore,0,1,0,
Diffusion-Aware Deepfake Detection via Kernel PCA on Noise Residuals for Semantic Communication,,,B,IEEE Xplore,0,1,0,
Disruptive Attacks on Face Swapping via Low-Frequency Perceptual Perturbations,,,B,IEEE Xplore,0,1,0,
Dodging DeepFake Detection via Implicit Spatial-Domain Notch Filtering,,,B,"IEEE Xplore, Scopus",1,1,0,
Domain Generalization via Aggregation and Separation for Audio Deepfake Detection,,,B,IEEE Xplore,0,1,0,
Dual Acoustic Feature Fusion for Enhanced Audio Deepfake Detection Using VGG-16 Architecture: Mitigating Speech Tampering with MFCC and ELTP,10.1109/RIVF64335.2024.11009070,https://ieeexplore.ieee.org/stamp/stamp.jsp?arnumber=11009070,C,,0,0,0,IEEE Xplore
Dual-Modality Co-Learning for Unveiling Deepfake in Spatio-Temporal Space,https://www.scopus.com/inward/record.uri?eid=2-s2.0-85163697185&partnerID=40&md5=8cebfc10382ee49c66e589eb2c74fafd,https://www.scopus.com/inward/record.uri?eid=2-s2.0-85163697185&partnerID=40&md5=8cebfc10382ee49c66e589eb2c74fafd,C,,0,0,0,Scopus
Dual-stream temporal-spatial forgery detection via phase-consistent edge features and 3D visual state-space modeling,https://www.scopus.com/inward/record.uri?eid=2-s2.0-105015384367&partnerID=40&md5=2041ac6891834f5d8773a64c8ac9317d,https://www.scopus.com/inward/record.uri?eid=2-s2.0-105015384367&partnerID=40&md5=2041ac6891834f5d8773a64c8ac9317d,C,,0,0,0,Scopus
Dynamic Lip Motion Analysis for Deepfake Detection,,,A,IEEE Xplore,0,1,0,
Dynamic Lip Motion Analysis for Deepfake Detection,10.1109/CSCS66924.2025.00073,https://ieeexplore.ieee.org/stamp/stamp.jsp?arnumber=11181647,C,,0,0,0,IEEE Xplore
Dynamic and Static Features Extraction for Deepfake Detection,10.1109/ICCE-Taiwan62264.2024.10674402,https://ieeexplore.ieee.org/stamp/stamp.jsp?arnumber=10674402,C,,0,0,0,IEEE Xplore
EDL-Det: A Robust TTS Synthesis Detector Using VGG19-Based YAMNet and Ensemble Learning Block,,,B,IEEE Xplore,0,1,0,
EVDO: An Enhanced Framework for Deepfake Detection in Videos Through Optical Flow and Temporal-Spatial Analysis,10.1109/ACCESS.2025.3614455,https://ieeexplore.ieee.org/stamp/stamp.jsp?arnumber=11179989,C,,0,0,0,IEEE Xplore
Eff-YNet: A Dual Task Network for DeepFake Detection and Segmentation,10.1109/IMCOM51814.2021.9377373,https://ieeexplore.ieee.org/stamp/stamp.jsp?arnumber=9377373,C,,0,0,0,IEEE Xplore
EfficientNetB0 Ensemble Model for Unified Deepfakes Detection,10.1109/ICOSST60641.2023.10414228,https://ieeexplore.ieee.org/stamp/stamp.jsp?arnumber=10414228,C,,0,0,0,IEEE Xplore
Emergent Capability in Audio Deepfake Detection,10.1109/IWBF63717.2025.11113428,https://ieeexplore.ieee.org/stamp/stamp.jsp?arnumber=11113428,C,,0,0,0,IEEE Xplore
Emerging Innovations in Deep Learning for Video DeepFake Detection: A Comprehensive Review,10.1109/ICSADL65848.2025.10933018,https://ieeexplore.ieee.org/stamp/stamp.jsp?arnumber=10933018,C,,0,0,0,IEEE Xplore
EmoSense: A multimodal sentiment-aware framework for music short video AI-generated content detection,,,B,ScienceDirect,0,0,1,
End-to-end Audio Deepfake Detection from RAW Waveforms: a RawNet-Based Approach with Cross-Dataset Evaluation,,,B,IEEE Xplore,0,1,0,
Engaging with deepfakes: a meta-synthesis from the perspective of social shaping of technology theory,,,A,ScienceDirect,0,0,1,
Enhanced Deepfake Detection Using Deep Learning on Large-Scale Video Data: A Fused ResNet50 and LSTM Approach,https://www.scopus.com/inward/record.uri?eid=2-s2.0-105010612239&partnerID=40&md5=08e8830074c17be1c96d0858d7b3d4ba,https://www.scopus.com/inward/record.uri?eid=2-s2.0-105010612239&partnerID=40&md5=08e8830074c17be1c96d0858d7b3d4ba,C,,0,0,0,Scopus
Enhanced Deepfake Detection with LSTM and ResNeXt Integration,10.1109/ICDT63985.2025.10986702,https://ieeexplore.ieee.org/stamp/stamp.jsp?arnumber=10986702,C,,0,0,0,IEEE Xplore
Enhanced deepfake detection via dynamic data augmentation and spatiotemporal attention,https://www.scopus.com/inward/record.uri?eid=2-s2.0-105024347588&partnerID=40&md5=dfbab16a02c2f9e55ed2f36bf6dc384b,https://www.scopus.com/inward/record.uri?eid=2-s2.0-105024347588&partnerID=40&md5=dfbab16a02c2f9e55ed2f36bf6dc384b,C,,0,0,0,Scopus
Enhancing Accuracy in Image Recognition for Deepfaked Images using Convolutional Networks Compared with LSTM Algorithm,10.1109/ICIDCA66325.2025.11280513,https://ieeexplore.ieee.org/stamp/stamp.jsp?arnumber=11280513,C,,0,0,0,IEEE Xplore
Enhancing Authenticity Verification with Transfer Learning and Ensemble Techniques in Facial Feature-Based Deepfake Detection,10.1109/ICPRS62101.2024.10677831,https://ieeexplore.ieee.org/stamp/stamp.jsp?arnumber=10677831,C,,0,0,0,IEEE Xplore
Enhancing Authenticity Verification with Transfer Learning and Ensemble Techniques in Facial Feature-Based Deepfake Detection,,,A,IEEE Xplore,0,1,0,
Enhancing DeepFake Detection through Deep Learning and Explainable AI,10.1109/AIMV66517.2025.11203343,https://ieeexplore.ieee.org/stamp/stamp.jsp?arnumber=11203343,C,,0,0,0,IEEE Xplore
Enhancing Deepfake Detection Through Dynamics of Facial Expressions,10.1109/ICICV64824.2025.11085942,https://ieeexplore.ieee.org/stamp/stamp.jsp?arnumber=11085942,C,,0,0,0,IEEE Xplore
Enhancing Deepfake Detection Through Dynamics of Facial Expressions,,,B,"IEEE Xplore, Scopus",1,1,0,
Enhancing Deepfake Detection Through Hybrid MobileNet-LSTM Model with Real-Time Image and Video Analysis,10.1109/ICUIS64676.2024.10867159,https://ieeexplore.ieee.org/stamp/stamp.jsp?arnumber=10867159,C,,0,0,0,IEEE Xplore
Enhancing Deepfake Detection with a Hybrid CNN-BiLSTM Approach,10.1109/ISCMI63661.2024.10851512,https://ieeexplore.ieee.org/stamp/stamp.jsp?arnumber=10851512,C,,0,0,0,IEEE Xplore
Enhancing Deepfake Video Detection: A Hybrid CNN-LSTM Approach,10.1109/TIACOMP64125.2024.00031,https://ieeexplore.ieee.org/stamp/stamp.jsp?arnumber=10742777,C,,0,0,0,IEEE Xplore
Enhancing Resilience of Deepfake Detection using Adversarial Frequency Masking,,,B,Scopus,1,0,0,
Enhancing the Detection of Deepfake Audio Using Explainable AI Techniques for Secure and Trustworthy Applications,10.1109/ICAMIDA64673.2025.11209741,https://ieeexplore.ieee.org/stamp/stamp.jsp?arnumber=11209741,C,,0,0,0,IEEE Xplore
Evading Deepfake Detectors via Adversarially Degrading and Restoring Forged Images,,,B,"IEEE Xplore, Scopus",1,1,0,
Evaluating Models for Deepfake Detection: A Comparative Study,10.1109/ICICNIS64247.2024.10823264,https://ieeexplore.ieee.org/stamp/stamp.jsp?arnumber=10823264,C,,0,0,0,IEEE Xplore
ExplaNET: A Descriptive Framework for Detecting Deepfakes With Interpretable Prototypes,10.1109/TBIOM.2024.3407650,https://ieeexplore.ieee.org/stamp/stamp.jsp?arnumber=10542403,C,,0,0,0,IEEE Xplore
Explainable deepfake detection across different modalities: An overview of methods and challenges,,,B,ScienceDirect,0,0,1,
Exploiting Facial Relationships and Feature Aggregation for Multi-Face Forgery Detection,,,B,IEEE Xplore,0,1,0,
Exploiting spatiotemporal inconsistencies to detect deepfake videos in the wild,,,A,IEEE Xplore,0,1,0,
Exploiting spatiotemporal inconsistencies to detect deepfake videos in the wild,10.1109/ICETET-SIP-2254415.2022.9791719,https://ieeexplore.ieee.org/stamp/stamp.jsp?arnumber=9791719,C,,0,0,0,IEEE Xplore
Exploring coordinated motion patterns of facial landmarks for deepfake video detection,,,A,Scopus,1,0,0,
Exploring the Adversarial Robustness of CLIP for AI-generated Image Detection,,,B,IEEE Xplore,0,1,0,
Exploring the Impact of Moire Pattern on Deepfake Detectors,,,B,IEEE Xplore,0,1,0,
"Exploring the Landscape of Compressed DeepFakes: Generation, Dataset and Detection",,,A|B,ScienceDirect,0,0,1,
Exposing Audio-Visual Forgeries in Frequency Domain,,,B,Scopus,1,0,0,
Exposing Deep Fakes Using Inconsistent Head Poses,,,A,"IEEE Xplore, Scopus",1,1,0,
Exposing DeepFake Videos Using Attention Based Convolutional LSTM Network,https://www.scopus.com/inward/record.uri?eid=2-s2.0-85114146226&partnerID=40&md5=4ed867b68b7307466f84115a1f21d6f3,https://www.scopus.com/inward/record.uri?eid=2-s2.0-85114146226&partnerID=40&md5=4ed867b68b7307466f84115a1f21d6f3,C,,0,0,0,Scopus
Exposing Deepfake Face Forgeries With Guided Residuals,,,A,IEEE Xplore,0,1,0,
Extending the theory of information poverty to deepfake technology,,,B,ScienceDirect,0,0,1,
FA3-CLIP: Frequency-Aware Cues Fusion and Attack-Agnostic Prompt Learning for Unified Face Attack Detection,,,B,IEEE Xplore,0,1,0,
FAClue: Exploring Frequency Clues by Adaptive Frequency-Attention for Deepfake Detection,,,B,"IEEE Xplore, Scopus",1,1,0,
FALCON: Frequency-Aware Lightweight Convolutional Optimized Network,,,B,"IEEE Xplore, Scopus",1,1,0,
FCD-Net: Learning to Detect Multiple Types of Homologous Deepfake Face Images,,,B,"IEEE Xplore, Scopus",1,1,0,
FDS_2D: rethinking magnitude-phase features for DeepFake detection,,,B,Scopus,1,0,0,
FETNet: frequency-enhanced transformer network for face forgery detection,,,B,Scopus,1,0,0,
FLAG: frequency-based local and global network for face forgery detection,,,B,Scopus,1,0,0,
FSSPOTTER: Spotting Face-Swapped Video by Spatial and Temporal Clues,10.1109/ICME46284.2020.9102914,https://ieeexplore.ieee.org/stamp/stamp.jsp?arnumber=9102914,C,,0,0,0,IEEE Xplore
FTA-DFI: a framework for generalizable deepfake detection based on distinctive features from various manipulations compared to genuine images,,,B,Scopus,1,0,0,
FTDKD: Frequency-Time Domain Knowledge Distillation for Low-Quality Compressed Audio Deepfake Detection,,,B,IEEE Xplore,0,1,0,
Face Forgery Detection Algorithm Based on Improved MobileViT Network,,,B,IEEE Xplore,0,1,0,
Face Forgery Detection via Multi-Feature Fusion and Local Enhancement,,,B,IEEE Xplore,0,1,0,
Face Swapping Attack Detection Using Multistream Feature Embeddings,,,B,IEEE Xplore,0,1,0,
Face forgery detection with a fused attention mechanism,,,B,IEEE Xplore,0,1,0,
Facial Segmentation in Deepfake Classification: a Transfer Learning Approach,,,A,ScienceDirect,0,0,1,
FairSSD: Understanding Bias in Synthetic Speech Detectors,10.1109/CVPRW63382.2024.00445,https://ieeexplore.ieee.org/stamp/stamp.jsp?arnumber=10677928,C,,0,0,0,IEEE Xplore
FairSSD: Understanding Bias in Synthetic Speech Detectors,,,B,IEEE Xplore,0,1,0,
Fake Face Detection Based on Fusion of Spatial Texture and High-Frequency Noise,,,B,IEEE Xplore,0,1,0,
Fake face detection in video using shallow deep learning architectures,https://www.scopus.com/inward/record.uri?eid=2-s2.0-85147539891&partnerID=40&md5=5c086fb8ad5e36b81cd3217cc01c1713,https://www.scopus.com/inward/record.uri?eid=2-s2.0-85147539891&partnerID=40&md5=5c086fb8ad5e36b81cd3217cc01c1713,C,,0,0,0,Scopus
Fake news or real? Detecting deepfake videos using geometric facial structure and graph neural network,,,A|C,Scopus,1,0,0,Scopus
FakeFormer: Transformer-Based Lightweight Deepfake Video Detection Model,10.1109/ISEAE64934.2025.11042069,https://ieeexplore.ieee.org/stamp/stamp.jsp?arnumber=11042069,C,,0,0,0,IEEE Xplore
Fighting Deepfake by Exposing the Convolutional Traces on Images,,,B,IEEE Xplore,0,1,0,
Fighting Malicious Media Data: A Survey on Tampering Detection and Deepfake Detection,,,A,IEEE Xplore,0,1,0,
Fighting Malicious Media Data: A Survey on Tampering Detection and Deepfake Detection,10.1109/JPROC.2025.3576367,https://ieeexplore.ieee.org/stamp/stamp.jsp?arnumber=11048678,C,,0,0,0,IEEE Xplore
Flexible Multi-Modality Deepfake Identification with Dynamic Learning and Cross-Modality Inconsistency,10.1109/ICAECA63854.2025.11012276,https://ieeexplore.ieee.org/stamp/stamp.jsp?arnumber=11012276,C,,0,0,0,IEEE Xplore
Fooling the Forgers: A Multi-Stage Framework for Audio Deepfake Detection,10.1109/ICASSP49660.2025.10888175,https://ieeexplore.ieee.org/stamp/stamp.jsp?arnumber=10888175,C,,0,0,0,IEEE Xplore
Forensic Challenges in Face Manipulated Videos,10.1109/MAPR67746.2025.11134019,https://ieeexplore.ieee.org/stamp/stamp.jsp?arnumber=11134019,C,,0,0,0,IEEE Xplore
Forensics and Analysis of Deepfake Videos,10.1109/ICICS49469.2020.239493,https://ieeexplore.ieee.org/stamp/stamp.jsp?arnumber=9078989,C,,0,0,0,IEEE Xplore
ForgeryDetect: AI-driven Deep Fake Identification,10.1109/ICRISST59181.2024.10922001,https://ieeexplore.ieee.org/stamp/stamp.jsp?arnumber=10922001,C,,0,0,0,IEEE Xplore
Fourier-Based GAN Fingerprint Detection Using ResNet50,,,B,"IEEE Xplore, Scopus",1,1,0,
Frame-to-Utterance Convergence: A Spectra-Temporal Approach for Unified Spoofing Detection,10.1109/ICASSP48485.2024.10447500,https://ieeexplore.ieee.org/stamp/stamp.jsp?arnumber=10447500,C,,0,0,0,IEEE Xplore
Frame-to-Utterance Convergence: A Spectra-Temporal Approach for Unified Spoofing Detection,,,B,IEEE Xplore,0,1,0,
FreqDebias: Towards Generalizable Deepfake Detection via Consistency-Driven Frequency Debiasing,,,B,IEEE Xplore,0,1,0,
FreqFaceNet: an enhanced transformer architecture with dual-order frequency attention for deepfake detection,,,B,Scopus,1,0,0,
Frequency Domain Filtered Residual Network for Deepfake Detection,,,B,Scopus,1,0,0,
Frequency domain deepfake detection based on two-stream neural network,,,B,Scopus,1,0,0,
Frequency-Assisted Temporal Upsampling Artifacts Representation Learning for Face Forgery Detection,,,B,IEEE Xplore,0,1,0,
Frequency-Domain Masking and Spatial Interaction for Generalizable Deepfake Detection,,,B,Scopus,1,0,0,
From Deepfakes to Digital Truths: The Role of Watermarking in AI-Generated Image Verification,,,B,IEEE Xplore,0,1,0,
GAN and ResNet based Combination Deep Learning Model for Recognizing Fake Faces,10.1109/ICIMIA67127.2025.11200763,https://ieeexplore.ieee.org/stamp/stamp.jsp?arnumber=11200763,C,,0,0,0,IEEE Xplore
GANK: Dynamic Geometric and Appearance Features for Efficient and Robust Detection of Face Forgery,,,A,Scopus,1,0,0,
GASGM-GFT: Gaussian Attenuation Singing Graph Model and Graph Fourier Transform for Singing Voice Deepfake Detection,,,B,IEEE Xplore,0,1,0,
GASGM-GFT: Gaussian Attenuation Singing Graph Model and Graph Fourier Transform for Singing Voice Deepfake Detection,10.1109/IJCNN64981.2025.11228680,https://ieeexplore.ieee.org/stamp/stamp.jsp?arnumber=11228680,C,,0,0,0,IEEE Xplore
GC-ConsFlow: Leveraging Optical Flow Residuals and Global Context for Robust Deepfake Detection,10.1109/ICME59968.2025.11209351,https://ieeexplore.ieee.org/stamp/stamp.jsp?arnumber=11209351,C,,0,0,0,IEEE Xplore
GC-ConsFlow: Leveraging Optical Flow Residuals and Global Context for Robust Deepfake Detection,,,B,IEEE Xplore,0,1,0,
GTA-Net: A Robust Method for Deepfake Face Image Detection,,,B,IEEE Xplore,0,1,0,
GenAI mirage: The impostor bias and the deepfake detection challenge in the era of artificial illusions,,,B,ScienceDirect,0,0,1,
Generalizable Audio Deepfake Detection via Latent Space Refinement and Augmentation,,,B,IEEE Xplore,0,1,0,
Generalizable Deepfake Detection With Phase-Based Motion Analysis,10.1109/TIP.2024.3441821,https://ieeexplore.ieee.org/stamp/stamp.jsp?arnumber=10685029,C,,0,0,0,IEEE Xplore
Generalizable Deepfake Detection With Phase-Based Motion Analysis,,,B,IEEE Xplore,0,1,0,
Generalizable deepfake detection framework using hybrid convolution-based EfficientNetB7 with attention mechanism,,,A,Scopus,1,0,0,
Generalizable face forgery detection based on adaptive spatial-frequency information mining,,,B,Scopus,1,0,0,
"Generation and detection of manipulated multimodal audiovisual content: Advances, trends and open challenges",,,A|B,ScienceDirect,0,0,1,
Guardian AI: Synthetic Media Forensics through Multimodal Fusion and Advanced Machine Learning,,,B,IEEE Xplore,0,1,0,
Guardian AI: Synthetic Media Forensics through Multimodal Fusion and Advanced Machine Learning,10.1109/ICC-ROBINS60238.2024.10533980,https://ieeexplore.ieee.org/stamp/stamp.jsp?arnumber=10533980,C,,0,0,0,IEEE Xplore
HSFF-Net: Hierarchical spectral-feature fusion network for deepfake detection and localization,,,B|C,Scopus,1,0,0,Scopus
Harmonizing Dynamic Frequency Analysis with Attention Mechanisms for Efficient Facial Image Authenticity Detection,,,B,"IEEE Xplore, Scopus",1,1,0,
HiTAL: Hierarchical Thumbnail and Latent Augmentation for Deepfake Detection,,,B,IEEE Xplore,0,1,0,
Hiding Faces in Plain Sight: Defending DeepFakes by Disrupting Face Detection,10.1109/TDSC.2025.3592230,https://ieeexplore.ieee.org/stamp/stamp.jsp?arnumber=11106399,C,,0,0,0,IEEE Xplore
Hierarchical ST-CEN with Dynamic Attention Mechanisms for Enhanced Deepfake Image Detection,10.1109/ICI3C60830.2023.00078,https://ieeexplore.ieee.org/stamp/stamp.jsp?arnumber=10729784,C,,0,0,0,IEEE Xplore
Hierarchical supervisions with two-stream network for Deepfake detection,,,B,Scopus,1,0,0,
Hubert-Derived SSL Features and ECAPA-TDNN Matching for Robust Audio Deepfake Detection,,,B,IEEE Xplore,0,1,0,
Hybrid CNN–Transformer Ensemble for Robust Deepfake Video Detection,,,B,IEEE Xplore,0,1,0,
Hybrid Deep Learning for Detecting Fake Medical Images and Heart Sounds,https://www.scopus.com/inward/record.uri?eid=2-s2.0-105007621674&partnerID=40&md5=5f5c40a5aa0ce64f83d8e0d9d2cae980,https://www.scopus.com/inward/record.uri?eid=2-s2.0-105007621674&partnerID=40&md5=5f5c40a5aa0ce64f83d8e0d9d2cae980,C,,0,0,0,Scopus
Hybrid Deepfake Detection System: Leveraging AlexNet and LSTM Networks for Enhanced Video Authentication,10.1109/ESIC64052.2025.10962665,https://ieeexplore.ieee.org/stamp/stamp.jsp?arnumber=10962665,C,,0,0,0,IEEE Xplore
Hybrid Deepfake Detection Using ResNet50 and Vision Transformer for Enhanced Feature Extraction,10.1109/ICOA66896.2025.11236531,https://ieeexplore.ieee.org/stamp/stamp.jsp?arnumber=11236531,C,,0,0,0,IEEE Xplore
Hybrid Deepfake Detection Utilizing MLP and LSTM,10.1109/ICECCME57830.2023.10252552,https://ieeexplore.ieee.org/stamp/stamp.jsp?arnumber=10252552,C,,0,0,0,IEEE Xplore
Hybrid Federated Deepfake Detection via Residual-Aware Temporal Modeling and Privacy-Preserving Learning,10.1109/ACROSET66531.2025.11280626,https://ieeexplore.ieee.org/stamp/stamp.jsp?arnumber=11280626,C,,0,0,0,IEEE Xplore
Hybrid Recurrent Deep Learning Model for DeepFake Video Detection,10.1109/UPCON52273.2021.9667632,https://ieeexplore.ieee.org/stamp/stamp.jsp?arnumber=9667632,C,,0,0,0,IEEE Xplore
"HybridNet: Advancing Deepfake Detection Through Residual, SE, and Depthwise Convolutions",,,B,IEEE Xplore,0,1,0,
"ISBN 9780443366864,",10.1016/B978-0-443-36686-4.00013-4,https://doi.org/10.1016/B978-0-443-36686-4.00013-4,C,,0,0,0,ScienceDirect
"ISSN 0167-4048,",10.1016/j.cose.2023.103617,https://doi.org/10.1016/j.cose.2023.103617,C,,0,0,0,ScienceDirect
"ISSN 0167-6393,",10.1016/j.specom.2023.03.003,https://doi.org/10.1016/j.specom.2023.03.003,C,,0,0,0,ScienceDirect
"ISSN 0167-739X,",10.1016/j.future.2025.107877,https://doi.org/10.1016/j.future.2025.107877,C,,0,0,0,ScienceDirect
"ISSN 0169-2607,",10.1016/j.cmpb.2023.107745,https://doi.org/10.1016/j.cmpb.2023.107745,C,,0,0,0,ScienceDirect
"ISSN 0262-8856,",10.1016/j.imavis.2025.105738,https://doi.org/10.1016/j.imavis.2025.105738,C,,0,0,0,ScienceDirect
"ISSN 0306-4573,",10.1016/j.ipm.2025.104473,https://doi.org/10.1016/j.ipm.2025.104473,C,,0,0,0,ScienceDirect
"ISSN 0925-2312,",10.1016/j.neucom.2024.129116,https://doi.org/10.1016/j.neucom.2024.129116,C,,0,0,0,ScienceDirect
"ISSN 0952-1976,",10.1016/j.engappai.2021.104456,https://doi.org/10.1016/j.engappai.2021.104456,C,,0,0,0,ScienceDirect
"ISSN 0957-4174,",10.1016/j.eswa.2024.123756,https://doi.org/10.1016/j.eswa.2024.123756,C,,0,0,0,ScienceDirect
"ISSN 1077-3142,",10.1016/j.cviu.2022.103525,https://doi.org/10.1016/j.cviu.2022.103525,C,,0,0,0,ScienceDirect
"ISSN 1084-8045,",10.1016/j.jnca.2021.103112,https://doi.org/10.1016/j.jnca.2021.103112,C,,0,0,0,ScienceDirect
"ISSN 1110-0168,",10.1016/j.aej.2025.01.012,https://doi.org/10.1016/j.aej.2025.01.012,C,,0,0,0,ScienceDirect
"ISSN 1319-1578,",10.1016/j.jksuci.2021.07.010,https://doi.org/10.1016/j.jksuci.2021.07.010,C,,0,0,0,ScienceDirect
"ISSN 1468-4527,",10.1108/OIR-06-2024-0388,https://doi.org/10.1108/OIR-06-2024-0388,C,,0,0,0,ScienceDirect
"ISSN 1546-2218,",10.32604/cmc.2024.048238,https://doi.org/10.32604/cmc.2024.048238,C,,0,0,0,ScienceDirect
"ISSN 1566-2535,",10.1016/j.inffus.2023.102103,https://doi.org/10.1016/j.inffus.2023.102103,C,,0,0,0,ScienceDirect
"ISSN 1568-4946,",10.1016/j.asoc.2020.107050,https://doi.org/10.1016/j.asoc.2020.107050,C,,0,0,0,ScienceDirect
"ISSN 1574-0137,",10.1016/j.cosrev.2025.100866,https://doi.org/10.1016/j.cosrev.2025.100866,C,,0,0,0,ScienceDirect
"ISSN 1877-0509,",10.1016/j.procs.2023.12.099,https://doi.org/10.1016/j.procs.2023.12.099,C,,0,0,0,ScienceDirect
"ISSN 2212-8271,",10.1016/j.procir.2020.04.109,https://doi.org/10.1016/j.procir.2020.04.109,C,,0,0,0,ScienceDirect
"ISSN 2214-2126,",10.1016/j.jisa.2024.103935,https://doi.org/10.1016/j.jisa.2024.103935,C,,0,0,0,ScienceDirect
"ISSN 2215-0161,",10.1016/j.mex.2025.103632,https://doi.org/10.1016/j.mex.2025.103632,C,,0,0,0,ScienceDirect
"ISSN 2405-8440,",10.1016/j.heliyon.2024.e40699,https://doi.org/10.1016/j.heliyon.2024.e40699,C,,0,0,0,ScienceDirect
"ISSN 2543-9251,",10.1016/j.dim.2025.100099,https://doi.org/10.1016/j.dim.2025.100099,C,,0,0,0,ScienceDirect
"ISSN 2590-1230,",10.1016/j.rineng.2025.104752,https://doi.org/10.1016/j.rineng.2025.104752,C,,0,0,0,ScienceDirect
"ISSN 2666-2256,",10.1016/j.fri.2025.200647,https://doi.org/10.1016/j.fri.2025.200647,C,,0,0,0,ScienceDirect
"ISSN 2667-0968,",10.1016/j.jjimei.2025.100356,https://doi.org/10.1016/j.jjimei.2025.100356,C,,0,0,0,ScienceDirect
"ISSN 2667-3053,",10.1016/j.iswa.2025.200529,https://doi.org/10.1016/j.iswa.2025.200529,C,,0,0,0,ScienceDirect
"ISSN 2772-5030,",10.1016/j.teler.2024.100146,https://doi.org/10.1016/j.teler.2024.100146,C,,0,0,0,ScienceDirect
"ISSN 2949-7191,",10.1016/j.nlp.2024.100059,https://doi.org/10.1016/j.nlp.2024.100059,C,,0,0,0,ScienceDirect
ISTVT: Interpretable Spatial-Temporal Video Transformer for Deepfake Detection,,,B,IEEE Xplore,0,1,0,
Identification of Deepfakes using Strategic Models and Architectures,,,A|B,"IEEE Xplore; IEEE Xplore, Scopus",1,1,0,
Identification of Deepfakes using Strategic Models and Architectures,10.1109/ICSCDS56580.2023.10104880,https://ieeexplore.ieee.org/stamp/stamp.jsp?arnumber=10104880,C,,0,0,0,IEEE Xplore
Identifying Machine Generated Tweets: Deepfake Detection on Social Media,10.1109/DELCON64804.2024.10866921,https://ieeexplore.ieee.org/stamp/stamp.jsp?arnumber=10866921,C,,0,0,0,IEEE Xplore
Identity-Referenced Deepfake Detection with Contrastive Learning,,,B,Scopus,1,0,0,
Impact of AI on the Cyber Kill Chain: A Systematic Review,,,A,ScienceDirect,0,0,1,
Implementation of Deep Learning Method for Forgery Detection on Social Media,10.1109/IDCIoT59759.2024.10467237,https://ieeexplore.ieee.org/stamp/stamp.jsp?arnumber=10467237,C,,0,0,0,IEEE Xplore
Implementation of Robust Deepfake Detection via 3D Residual Attention Densenet with Pyramid Dilation Network,10.1109/ICSCSA66339.2025.11171276,https://ieeexplore.ieee.org/stamp/stamp.jsp?arnumber=11171276,C,,0,0,0,IEEE Xplore
Improved Deepfake Detection with Optimized Preprocessing for Low-Quality Images,,,B,ScienceDirect,0,0,1,
Improving DeepFake Video Detection Performance with a Noval Deep Learning Approach,10.1109/ICEEM58740.2023.10319524,https://ieeexplore.ieee.org/stamp/stamp.jsp?arnumber=10319524,C,,0,0,0,IEEE Xplore
Improving Deepfake Detectors against Real-world Perturbations with Amplitude-Phase Switch Augmentation,,,B,Scopus,1,0,0,
Improving Fairness in Synthetic Speech Detectors,10.1109/IEEECONF60004.2024.10942853,https://ieeexplore.ieee.org/stamp/stamp.jsp?arnumber=10942853,C,,0,0,0,IEEE Xplore
Improving Generalization in Facial Manipulation Detection Using Image Noise Residuals and Temporal Features,10.1109/ICIP49359.2023.10222043,https://ieeexplore.ieee.org/stamp/stamp.jsp?arnumber=10222043,C,,0,0,0,IEEE Xplore
Improving Generalization in Facial Manipulation Detection Using Image Noise Residuals and Temporal Features,,,B,IEEE Xplore,0,1,0,
Improving Generalization of Deepfake Detection With Data Farming and Few-Shot Learning,10.1109/TBIOM.2022.3143404,https://ieeexplore.ieee.org/stamp/stamp.jsp?arnumber=9684526,C,,0,0,0,IEEE Xplore
"Improving Video Vision Transformer for Deepfake Video Detection Using Facial Landmark, Depthwise Separable Convolution and Self Attention",,,A,"IEEE Xplore, Scopus",1,1,0,
Incorporating Psychological and Behavioral Cues for Enhanced Deepfake Detection,10.1109/OTCON65728.2025.11071123,https://ieeexplore.ieee.org/stamp/stamp.jsp?arnumber=11071123,C,,0,0,0,IEEE Xplore
Integrating GLCM Texture Analysis for Improved Deepfake Detection on CelebDF(v2) Dataset,,,B,IEEE Xplore,0,1,0,
Interactive Two-Stream Network Across Modalities for Deepfake Detection,10.1109/TCSVT.2023.3269841,https://ieeexplore.ieee.org/stamp/stamp.jsp?arnumber=10107603,C,,0,0,0,IEEE Xplore
Interactive Two-Stream Network Across Modalities for Deepfake Detection,,,B,"IEEE Xplore, Scopus",1,1,0,
Investigating the Impact of Visual Attention Models in Face Forgery Detection,10.1109/ICAISC58445.2023.10199338,https://ieeexplore.ieee.org/stamp/stamp.jsp?arnumber=10199338,C,,0,0,0,IEEE Xplore
Investigating voiced and unvoiced regions of speech for audio deepfake detection,10.1109/ICASSP49660.2025.10890861,https://ieeexplore.ieee.org/stamp/stamp.jsp?arnumber=10890861,C,,0,0,0,IEEE Xplore
It Wasn’t Me: Irregular Identity in Deepfake Videos,10.1109/ICIP49359.2023.10222654,https://ieeexplore.ieee.org/stamp/stamp.jsp?arnumber=10222654,C,,0,0,0,IEEE Xplore
LGDF-Net: Local and Global Feature-Based Dual-Branch Fusion Networks for Deepfake Detection,,,B,IEEE Xplore,0,1,0,
LampMark: Proactive Deepfake Detection via Training-Free Landmark Perceptual Watermarks,,,A,Scopus,1,0,0,
Learned Image Compression for Deepfake Detection,,,B,IEEE Xplore,0,1,0,
Learning Generalizable Representations for Deepfake Detection with Realistic Sample Generation and Dual Augmentation,,,B,IEEE Xplore,0,1,0,
Learning Local Texture and Global Frequency Clues for Face Forgery Detection,,,B,Scopus,1,0,0,
Learning to Listen and Listening to Learn: Spoofed Audio Detection Through Linguistic Data Augmentation,10.1109/ISI58743.2023.10297267,https://ieeexplore.ieee.org/stamp/stamp.jsp?arnumber=10297267,C,,0,0,0,IEEE Xplore
Leveraging Acoustic Features and Deep Neural Architectures for Audio Deepfake Detection,10.1109/ICACC63692.2024.10845392,https://ieeexplore.ieee.org/stamp/stamp.jsp?arnumber=10845392,C,,0,0,0,IEEE Xplore
Leveraging Deep Learning Methods for Detecting Deepfake Speeches,10.1109/ICMI65310.2025.11141035,https://ieeexplore.ieee.org/stamp/stamp.jsp?arnumber=11141035,C,,0,0,0,IEEE Xplore
Leveraging Deep Learning Methods for Detecting Deepfake Speeches,,,B,IEEE Xplore,0,1,0,
Leveraging Pixel Difference Feature for Deepfake Detection,,,B,IEEE Xplore,0,1,0,
Leveraging Spatial-Temporal Illumination Features and Convolution-Transformer Hybrid Networks for Deepfake Video Detection,10.1109/TCE.2025.3624764,https://ieeexplore.ieee.org/stamp/stamp.jsp?arnumber=11215793,C,,0,0,0,IEEE Xplore
Leveraging facial landmarks improves generalization ability for deepfake detection,,,A,Scopus,1,0,0,
Leveraging temporal attention and bidirectional modeling for robust deepfake video detection,https://www.scopus.com/inward/record.uri?eid=2-s2.0-105021244301&partnerID=40&md5=c9780b50f99ee54d84524e35d6c27c58,https://www.scopus.com/inward/record.uri?eid=2-s2.0-105021244301&partnerID=40&md5=c9780b50f99ee54d84524e35d6c27c58,C,,0,0,0,Scopus
LiSiam: Localization Invariance Siamese Network for Deepfake Detection,,,B,Scopus,1,0,0,
Lightweight and Accurate: Deepfake Detection using Binary Neural Networks and Vision Transformer,,,B,IEEE Xplore,0,1,0,
Local Region Frequency Guided Dynamic Inconsistency Network for Deepfake Video Detection,,,B,IEEE Xplore,0,1,0,
Local frequency analysis for diffusion-generated image detection,,,B,Scopus,1,0,0,
Localization of Deepfake Facial Images Through U-NET Architecture,,,A,"IEEE Xplore, Scopus",1,1,0,
Low Resolution Deepfake Face Detection using Multi-Scale Discrete Cosine Transform and Vision Transformer,,,B,IEEE Xplore,0,1,0,
M2TR: Multi-modal Multi-scale Transformers for Deepfake Detection,,,B,Scopus,1,0,0,
MC-LCR: Multimodal contrastive classification by locally correlated representations for effective face forgery detection,,,B,Scopus,1,0,0,
MCDF: Multimodal information fusion and causal analysis for election misinformation detection,,,B,ScienceDirect,0,0,1,
MCL: Multimodal Contrastive Learning for Deepfake Detection,10.1109/TCSVT.2023.3312738,https://ieeexplore.ieee.org/stamp/stamp.jsp?arnumber=10243082,C,,0,0,0,IEEE Xplore
MDCF-Net: Multi-Scale Dual-Branch Network for Compressed Face Forgery Detection,,,B,"IEEE Xplore, Scopus",1,1,0,
MEXFIC: A meta ensemble eXplainable approach for AI-synthesized fake image classification,,,B,ScienceDirect,0,0,1,
MFCC vs. LFCC for Audio Deepfake Detection: The Role of Delta Features and Input Length,,,B,IEEE Xplore,0,1,0,
MIFAE-Forensics: Masked Image-Frequency AutoEncoder for DeepFake Detection,,,B,IEEE Xplore,0,1,0,
MINTIME: Multi-Identity Size-Invariant Video Deepfake Detection,10.1109/TIFS.2024.3409054,https://ieeexplore.ieee.org/stamp/stamp.jsp?arnumber=10547206,C,,0,0,0,IEEE Xplore
MRE-Net: Multi-Rate Excitation Network for Deepfake Video Detection,10.1109/TCSVT.2023.3239607,https://ieeexplore.ieee.org/stamp/stamp.jsp?arnumber=10025759,C,,0,0,0,IEEE Xplore
MRE-Net: Multi-Rate Excitation Network for Deepfake Video Detection,,,B,"IEEE Xplore, Scopus",1,1,0,
MSVT: Multiple Spatiotemporal Views Transformer for DeepFake Video Detection,10.1109/TCSVT.2023.3281448,https://ieeexplore.ieee.org/stamp/stamp.jsp?arnumber=10138555,C,,0,0,0,IEEE Xplore
MVFNet: Multipurpose Video Forensics Network using Multiple Forms of Forensic Evidence,10.1109/WACV61041.2025.00221,https://ieeexplore.ieee.org/stamp/stamp.jsp?arnumber=10943483,C,,0,0,0,IEEE Xplore
MaskSim: Detection of synthetic images by masked spectrum similarity analysis,,,B,IEEE Xplore,0,1,0,
Masked Conditional Diffusion Model for Enhancing Deepfake Detection,https://www.scopus.com/inward/record.uri?eid=2-s2.0-85188605005&partnerID=40&md5=fc750cb056a49708d96b4e544adbb36c,https://www.scopus.com/inward/record.uri?eid=2-s2.0-85188605005&partnerID=40&md5=fc750cb056a49708d96b4e544adbb36c,C,,0,0,0,Scopus
Masked Relation Learning for DeepFake Detection,10.1109/TIFS.2023.3249566,https://ieeexplore.ieee.org/stamp/stamp.jsp?arnumber=10054130,C,,0,0,0,IEEE Xplore
Masked Relation Learning for DeepFake Detection,,,B,IEEE Xplore,0,1,0,
Mdff-Net: A Multi-Domain Feature-Fusion Network for Robust Deepfake Video Detection,,,B,IEEE Xplore,0,1,0,
MobilKAN-H: Cross-Dataset Deepfake Detection Using a Hybrid MobileNet-LSTM-HMM-KAN Architecture,https://www.scopus.com/inward/record.uri?eid=2-s2.0-105023638416&partnerID=40&md5=6ebec32c52ff567c641b36fa8ca38ac1,https://www.scopus.com/inward/record.uri?eid=2-s2.0-105023638416&partnerID=40&md5=6ebec32c52ff567c641b36fa8ca38ac1,C,,0,0,0,Scopus
Model-Agnostic Method: Exposing Deepfake Using Pixel-Wise Spatial and Temporal Fingerprints,10.1109/TBDATA.2023.3284272,https://ieeexplore.ieee.org/stamp/stamp.jsp?arnumber=10146470,C,,0,0,0,IEEE Xplore
Multi branch deepfake detection based on double attention mechanism,,,B,IEEE Xplore,0,1,0,
Multi-Cue Fusion for Forgery Detection: a Spatial-Frequency and Chromatic Approach,,,B,IEEE Xplore,0,1,0,
Multi-Label Deepfake Classification,10.1109/MMSP59012.2023.10337658,https://ieeexplore.ieee.org/stamp/stamp.jsp?arnumber=10337658,C,,0,0,0,IEEE Xplore
Multi-Scale Feature Enhancement Network for Face Forgery Detection,,,B,Scopus,1,0,0,
Multi-Scale Self-Supervised Learning for Efficient Audio Deepfake Detection,,,B,IEEE Xplore,0,1,0,
Multi-domain Multi-scale DeepFake Detection for Generalization,,,B,"IEEE Xplore, Scopus",1,1,0,
Multi-domain awareness for compressed deepfake videos detection over social networks guided by common mechanisms between artifacts,,,B,Scopus,1,0,0,
Multi-model DeepFake Detection Using Deep and Temporal Features,https://www.scopus.com/inward/record.uri?eid=2-s2.0-85135770471&partnerID=40&md5=7321f7bdcb13c6f8ed3b4703bb2a3475,https://www.scopus.com/inward/record.uri?eid=2-s2.0-85135770471&partnerID=40&md5=7321f7bdcb13c6f8ed3b4703bb2a3475,C,,0,0,0,Scopus
"Multimodal Cognitive Learning for Media Forgery Detection: A Comprehensive Framework Combining Random Forest and Deep Ensemble Architectures (Xception, ResNeXt) across Image, Video, and Audio Modalities",10.1109/ICIMIA60377.2023.10426415,https://ieeexplore.ieee.org/stamp/stamp.jsp?arnumber=10426415,C,,0,0,0,IEEE Xplore
Multimodal Consistency-Driven Deepfake Detection,https://www.scopus.com/inward/record.uri?eid=2-s2.0-105022185336&partnerID=40&md5=cf82fedb6880b93b0cf94a189f1253e8,https://www.scopus.com/inward/record.uri?eid=2-s2.0-105022185336&partnerID=40&md5=cf82fedb6880b93b0cf94a189f1253e8,C,,0,0,0,Scopus
Multiple Feature Mining Based on Local Correlation and Frequency Information for Face Forgery Detection,,,B,IEEE Xplore,0,1,0,
Multiscale Features Integrated Model for Generalizable Deepfake Detection,,,B,Scopus,1,0,0,
Navigating Deepfakes with Data Science: A Multi-Modal Analysis and Blockchain-Based Detection Framework,,,B,IEEE Xplore,0,1,0,
Navigating Deepfakes with Data Science: A Multi-Modal Analysis and Blockchain-Based Detection Framework,10.1109/ICPCT64145.2025.10940229,https://ieeexplore.ieee.org/stamp/stamp.jsp?arnumber=10940229,C,,0,0,0,IEEE Xplore
Near Real-Time Deepfake Audio Detection based on Speaker Diarization Techniques,10.1109/CSCS66924.2025.00067,https://ieeexplore.ieee.org/stamp/stamp.jsp?arnumber=11181580,C,,0,0,0,IEEE Xplore
Neuro-Behavioral Deepfake Detection: Leveraging Human Micro-Expression Analysis for High-Precision Forgery Identification,10.1109/ICIMIA67127.2025.11200578,https://ieeexplore.ieee.org/stamp/stamp.jsp?arnumber=11200578,C,,0,0,0,IEEE Xplore
No Matter Small or Big Lip Motion: DeepFake Detection with Regularized Feature Learning on Semantic Information,10.1109/MIPR59079.2023.00034,https://ieeexplore.ieee.org/stamp/stamp.jsp?arnumber=10254427,C,,0,0,0,IEEE Xplore
Noise-aware progressive multi-scale deepfake detection,,,B,Scopus,1,0,0,
On Using rPPG Signals for DeepFake Detection: A Cautionary Note,,,A,Scopus,1,0,0,
Open Challenges in Synthetic Speech Detection,,,B,IEEE Xplore,0,1,0,
PET: High-Frequency Temporal Self-Consistency Learning for Partially Deepfake Audio Localization,10.1109/ICASSP49660.2025.10889913,https://ieeexplore.ieee.org/stamp/stamp.jsp?arnumber=10889913,C,,0,0,0,IEEE Xplore
Pandora's Black or White Box: Are AI Tools Undermining Evidence?,,,B,IEEE Xplore,0,1,0,
Pixel Bleach Network for Detecting Face Forgery Under Compression,,,B,IEEE Xplore,0,1,0,
"Potential of artificial intelligence in deepfake media: From generation to detection mechanisms, state-of-the-art, and challenges",,,A|B,ScienceDirect,0,0,1,
Preserving Integrity: A Binary Classification Approach to Unmasking Artificially Generated Voices in the Age of Deepkakes,10.23919/INDIACom61295.2024.10499177,https://ieeexplore.ieee.org/stamp/stamp.jsp?arnumber=10499177,C,,0,0,0,IEEE Xplore
Preserving Visual Authenticity: Block chain-Augmented AI Frameworks for Advanced Digital Deception Recognition and Mitigation,,,B,IEEE Xplore,0,1,0,
Preserving the Veracity of Digital Media using Neural Network Based Detection of Deepfake Videos,10.1109/ICBDS61829.2024.10837046,https://ieeexplore.ieee.org/stamp/stamp.jsp?arnumber=10837046,C,,0,0,0,IEEE Xplore
Preventing DeepFake Attacks on Speaker Authentication by Dynamic Lip Movement Analysis,10.1109/TIFS.2020.3045937,https://ieeexplore.ieee.org/stamp/stamp.jsp?arnumber=9298826,C,,0,0,0,IEEE Xplore
"Quantitative Dissection of Spatial, Temporal, and Frequency Features in Deepfake Detection",,,B,IEEE Xplore,0,1,0,
"Quantitative Dissection of Spatial, Temporal, and Frequency Features in Deepfake Detection",10.1109/IC2E365635.2025.11166815,https://ieeexplore.ieee.org/stamp/stamp.jsp?arnumber=11166815,C,,0,0,0,IEEE Xplore
RAW Data: A Key Component for Effective Deepfake Detection,,,B,IEEE Xplore,0,1,0,
RE-Mark: An Identity-Recovery Watermarking Method for Undoing Deepfake Face-Swap,,,B,IEEE Xplore,0,1,0,
RLGC: Reconstruction Learning Fusing Gradient and Content Features for Efficient Deepfake Detection,,,B,IEEE Xplore,0,1,0,
Real-Time Deepfake Detection using a Hybrid MobileNet-LSTM Model For Image and Video Analysis,10.1109/ICCMC65190.2025.11140856,https://ieeexplore.ieee.org/stamp/stamp.jsp?arnumber=11140856,C,,0,0,0,IEEE Xplore
Real-Time Deepfake Video Detection using Machine Learning: A CNN-based Authentication Framework,,,B,IEEE Xplore,0,1,0,
Real-Time Deepfake Video Detection using Machine Learning: A CNN-based Authentication Framework,10.1109/ICAISS61471.2025.11041947,https://ieeexplore.ieee.org/stamp/stamp.jsp?arnumber=11041947,C,,0,0,0,IEEE Xplore
Real-Time Ensemble-Based Deepfake Detection for Virtual Classrooms and Workspaces Using EfficientNet and Custom Attention-Enhanced CNN,10.1109/ICICKE65317.2025.11136248,https://ieeexplore.ieee.org/stamp/stamp.jsp?arnumber=11136248,C,,0,0,0,IEEE Xplore
Recalibrated Bandpass Filtering On Temporal Waveform For Audio Spoof Detection,,,B,IEEE Xplore,0,1,0,
Reduced Spatial Dependency for More General Video-level Deepfake Detection,10.1109/ICASSP49660.2025.10888190,https://ieeexplore.ieee.org/stamp/stamp.jsp?arnumber=10888190,C,,0,0,0,IEEE Xplore
Refining digital security with EfficientNetV2-B2 deepfake detection techniques,https://www.scopus.com/inward/record.uri?eid=2-s2.0-105005518686&partnerID=40&md5=24dd609f49b296fea4135504fae60257,https://www.scopus.com/inward/record.uri?eid=2-s2.0-105005518686&partnerID=40&md5=24dd609f49b296fea4135504fae60257,C,,0,0,0,Scopus
Representation Alignment For Deepfake Detection,,,B,"IEEE Xplore, Scopus",1,1,0,
ResNeXt-50 and LSTM for Deepfake Detection,10.1109/ICoAILO66760.2025.11156046,https://ieeexplore.ieee.org/stamp/stamp.jsp?arnumber=11156046,C,,0,0,0,IEEE Xplore
Research and Performance Evaluation of Deepfake Video Detection Method Integrated Spatio temporal Attention Mechanism,https://www.scopus.com/inward/record.uri?eid=2-s2.0-85217360906&partnerID=40&md5=d167b4e9186c86771e36c0c416131993,https://www.scopus.com/inward/record.uri?eid=2-s2.0-85217360906&partnerID=40&md5=d167b4e9186c86771e36c0c416131993,C,,0,0,0,Scopus
Research on Real-Time Deepfake Image Detection System Based on a Self-Supervised Learning Framework,10.1109/IAECST64597.2024.11118130,https://ieeexplore.ieee.org/stamp/stamp.jsp?arnumber=11118130,C,,0,0,0,IEEE Xplore
Research on depth image tampering detection based on color space fusion,https://www.scopus.com/inward/record.uri?eid=2-s2.0-105007656096&partnerID=40&md5=79518cf852d9f8dfcfb6bb7a761ffd78,https://www.scopus.com/inward/record.uri?eid=2-s2.0-105007656096&partnerID=40&md5=79518cf852d9f8dfcfb6bb7a761ffd78,C,,0,0,0,Scopus
Rethinking the Up-Sampling Operations in CNN-Based Generative Network for Generalizable Deepfake Detection,,,B,IEEE Xplore,0,1,0,
Revealing and Classification of Deepfakes Video's Images using a Customize Convolution Neural Network Model,,,A,ScienceDirect,0,0,1,
Review of Deepfake Detection Techniques and Challenges,10.1109/ICCBE65177.2025.11255645,https://ieeexplore.ieee.org/stamp/stamp.jsp?arnumber=11255645,C,,0,0,0,IEEE Xplore
Review of Deepfake Detection Techniques and Challenges,,,B,IEEE Xplore,0,1,0,
Review of research on face deepfake detection methods; 人脸深度伪造检测方法研究综述,,,B,Scopus,1,0,0,
Review: DeepFake Detection Techniques using Deep Neural Networks (DNN),10.1109/ICAST59062.2023.10454938,https://ieeexplore.ieee.org/stamp/stamp.jsp?arnumber=10454938,C,,0,0,0,IEEE Xplore
Revisiting Generalizability in Deepfake Detection: Improving Metrics and Stabilizing Transfer,,,B,IEEE Xplore,0,1,0,
Robust AI-Synthesized Speech Detection Using Feature Decomposition Learning and Synthesizer Feature Augmentation,,,B,IEEE Xplore,0,1,0,
Robust AI-Synthesized Speech Detection Using Feature Decomposition Learning and Synthesizer Feature Augmentation,10.1109/TIFS.2024.3520001,https://ieeexplore.ieee.org/stamp/stamp.jsp?arnumber=10806877,C,,0,0,0,IEEE Xplore
SDHF: Spotting DeepFakes with Hierarchical Features,,,A,IEEE Xplore,0,1,0,
SFSimNet: An Efficient Spatial-Frequency Multi-Scale Intra-Feature Similarity Measurement Network for Deepfake Detection,,,B,IEEE Xplore,0,1,0,
SFormer: An end-to-end spatio-temporal transformer architecture for deepfake detection,https://www.scopus.com/inward/record.uri?eid=2-s2.0-85202157768&partnerID=40&md5=d569627607c1ddc9a4ccbcc20e813f63,https://www.scopus.com/inward/record.uri?eid=2-s2.0-85202157768&partnerID=40&md5=d569627607c1ddc9a4ccbcc20e813f63,C,,0,0,0,Scopus
STC-CapsNet: Detecting Audio Deepfakes with Spatio-Temporal Convolutions and Capsule Networks,,,B,IEEE Xplore,0,1,0,
STC-CapsNet: Detecting Audio Deepfakes with Spatio-Temporal Convolutions and Capsule Networks,10.1109/CISM64958.2025.11060861,https://ieeexplore.ieee.org/stamp/stamp.jsp?arnumber=11060861,C,,0,0,0,IEEE Xplore
Scene and Texture Based Feature Set for DeepFake Video Detection,10.1109/ICDMW58026.2022.00021,https://ieeexplore.ieee.org/stamp/stamp.jsp?arnumber=10029383,C,,0,0,0,IEEE Xplore
Security Strengthen and Detection of Deepfake Videos and Images Using Deep Learning Techniques,,,B,IEEE Xplore,0,1,0,
Seeing Through the Blur: Unlocking Defocus Maps for Deepfake Detection,,,B,Scopus,1,0,0,
Self-Supervised Graph Transformer for Deepfake Detection,10.1109/ACCESS.2024.3392512,https://ieeexplore.ieee.org/stamp/stamp.jsp?arnumber=10506700,C,,0,0,0,IEEE Xplore
Short And Low Resolution Deepfake Video Detection Using CNN,10.1109/R10-HTC54060.2022.9929719,https://ieeexplore.ieee.org/stamp/stamp.jsp?arnumber=9929719,C,,0,0,0,IEEE Xplore
SiamNet: Exploiting source camera noise discrepancies using Siamese Network for Deepfake Detection,,,B,Scopus,1,0,0,
"Social, legal, and ethical implications of AI-Generated deepfake pornography on digital platforms: A systematic literature review",,,A,ScienceDirect,0,0,1,
Source Identification of DeepFake Videos in Social Media-like Networks using Centrality Measures,10.1109/ISDFS65363.2025.11012119,https://ieeexplore.ieee.org/stamp/stamp.jsp?arnumber=11012119,C,,0,0,0,IEEE Xplore
Space–Frequency and Global–Local Attentive Networks for Sequential Deepfake Detection,,,B,IEEE Xplore,0,1,0,
Spatial-Temporal Frequency Forgery Clue for Video Forgery Detection in VIS and NIR Scenario,,,B,IEEE Xplore,0,1,0,
Spatial-frequency feature fusion based deepfake detection through knowledge distillation,,,B,Scopus,1,0,0,
Spatio-Temporal Convolutional Neural Networks for Deepfake Detection: An Empirical Study,10.1109/ICI60088.2023.10420892,https://ieeexplore.ieee.org/stamp/stamp.jsp?arnumber=10420892,C,,0,0,0,IEEE Xplore
Spatio-Temporal Convolutional Neural Networks for Deepfake Detection: An Empirical Study,,,A,IEEE Xplore,0,1,0,
Spatio-temporal knowledge distilled video vision transformer (STKD-VViT) for multimodal deepfake detection,https://www.scopus.com/inward/record.uri?eid=2-s2.0-85214225264&partnerID=40&md5=7d077ea5dfba0abe84726b0ab1ed535c,https://www.scopus.com/inward/record.uri?eid=2-s2.0-85214225264&partnerID=40&md5=7d077ea5dfba0abe84726b0ab1ed535c,C,,0,0,0,Scopus
Spatiotemporal Deepfake Video Detection: A Hybrid CNN-Transformer Approach with Frequency Analysis,10.1109/IRI66576.2025.00048,https://ieeexplore.ieee.org/stamp/stamp.jsp?arnumber=11153098,C,,0,0,0,IEEE Xplore
Spatiotemporal Deepfake Video Detection: A Hybrid CNN-Transformer Approach with Frequency Analysis,,,B,IEEE Xplore,0,1,0,
Spatiotemporal Fusion for Deepfakes Detection in Face Videos,https://www.scopus.com/inward/record.uri?eid=2-s2.0-85215533400&partnerID=40&md5=45c15f138103b4205538808e44159573,https://www.scopus.com/inward/record.uri?eid=2-s2.0-85215533400&partnerID=40&md5=45c15f138103b4205538808e44159573,C,,0,0,0,Scopus
SpecXNet: A Dual-Domain Convolutional Network for Robust Deepfake Detection,,,B,Scopus,1,0,0,
SpectralFusionNet: Adaptive Frequency-Spatial Feature Fusion for Robust Deepfake Detection,,,B,"IEEE Xplore, Scopus",1,1,0,
Supervised Learning Techniques for Deepfake Detection: Integrating ResNet50 and LSTM,10.1109/ICAET63349.2025.10932283,https://ieeexplore.ieee.org/stamp/stamp.jsp?arnumber=10932283,C,,0,0,0,IEEE Xplore
Swin-BiLSTM with Attention for Face Swap Detection in Deepfake Videos,10.1109/ICoICT66265.2025.11192953,https://ieeexplore.ieee.org/stamp/stamp.jsp?arnumber=11192953,C,,0,0,0,IEEE Xplore
SwinGAN: A Synergistic Approach Combining Swin Transformers and GANs for DeepFake Detection,,,B,IEEE Xplore,0,1,0,
Synthetic Voice Detection and Audio Splicing Detection using SE-Res2Net-Conformer Architecture,,,B,IEEE Xplore,0,1,0,
Temporal surface frame anomalies for deepfake video detection,10.1109/CVPRW63382.2024.00388,https://ieeexplore.ieee.org/stamp/stamp.jsp?arnumber=10678101,C,,0,0,0,IEEE Xplore
The Growing Need for Deepfakes Detection in the Age of AI-Generated Media,,,A|B,IEEE Xplore; Scopus,1,1,0,
The Growing Need for Deepfakes Detection in the Age of AI-Generated Media,10.1109/ICETETSIP64213.2025.11156944,https://ieeexplore.ieee.org/stamp/stamp.jsp?arnumber=11156944,C,,0,0,0,IEEE Xplore
The Impact of Data Augmentation on Deepfake Detection: A Comparative Study of CNN and Transformer Models,10.1109/ICMI65310.2025.11141228,https://ieeexplore.ieee.org/stamp/stamp.jsp?arnumber=11141228,C,,0,0,0,IEEE Xplore
The applications of machine learning techniques in medical data processing based on distributed computing and the Internet of Things,,,A,ScienceDirect,0,0,1,
The future of misinformation control: integrating advanced algorithms and Blockchain for effective Deepfake detection,https://www.scopus.com/inward/record.uri?eid=2-s2.0-105010557399&partnerID=40&md5=10fbcfdb86275fa1658e739ba242f6f8,https://www.scopus.com/inward/record.uri?eid=2-s2.0-105010557399&partnerID=40&md5=10fbcfdb86275fa1658e739ba242f6f8,C,,0,0,0,Scopus
Towards Analysis Detection of Deepfake Video via Deep Learning Models: A Review,10.1109/IJCC64742.2024.10847278,https://ieeexplore.ieee.org/stamp/stamp.jsp?arnumber=10847278,C,,0,0,0,IEEE Xplore
Towards Quantifying and Reducing Language Mismatch Effects in Cross-Lingual Speech Anti-Spoofing,10.1109/SLT61566.2024.10832142,https://ieeexplore.ieee.org/stamp/stamp.jsp?arnumber=10832142,C,,0,0,0,IEEE Xplore
Towards Spatio-temporal Collaborative Learning: An End-to-End Deepfake Video Detection Framework,10.1109/IJCNN54540.2023.10191479,https://ieeexplore.ieee.org/stamp/stamp.jsp?arnumber=10191479,C,,0,0,0,IEEE Xplore
Trinity Detector: Text-Assisted and Attention Mechanisms Based Spectral Fusion for Diffusion Generation Image Detection,,,B,IEEE Xplore,0,1,0,
UniForensics: Face Forgery Detection via General Facial Representation,,,B,IEEE Xplore,0,1,0,
UniForensics: Face Forgery Detection via General Facial Representation,10.1109/TDSC.2025.3627420,https://ieeexplore.ieee.org/stamp/stamp.jsp?arnumber=11250851,C,,0,0,0,IEEE Xplore
Unlocking A New Paradigm In Robustness For Multi-Step Facial Forgery Detection,,,B,IEEE Xplore,0,1,0,
"Unmasking Deepfakes: A Review of Current Datasets, Tools, and Detection Features",,,A|B,ScienceDirect,0,0,1,
Unmasking deepfakes: A systematic review of deepfake detection and generation techniques using artificial intelligence,,,A|B,ScienceDirect,0,0,1,
"Unmasking digital deceptions: An integrative review of deepfake detection, multimedia forensics, and cybersecurity challenges",,,A|B,ScienceDirect,0,0,1,
Unmasking the Reality: A Comprehensive Study of Deepfake Identification Techniques and Their Expanding Terrain,,,A,IEEE Xplore,0,1,0,
Unmasking the Reality: A Comprehensive Study of Deepfake Identification Techniques and Their Expanding Terrain,10.1109/CICTN64563.2025.10932620,https://ieeexplore.ieee.org/stamp/stamp.jsp?arnumber=10932620,C,,0,0,0,IEEE Xplore
Unsupervised Learning-Based Framework for Deepfake Video Detection,,,B,IEEE Xplore,0,1,0,
"Unveiling cybersecurity mysteries: A comprehensive survey on digital forensics trends, threats, and solutions in network security",,,B,ScienceDirect,0,0,1,
Using Deep Learning to Detecting Deepfakes,10.1109/ISCMI56532.2022.10068449,https://ieeexplore.ieee.org/stamp/stamp.jsp?arnumber=10068449,C,,0,0,0,IEEE Xplore
Using Graph Neural Networks to Improve Generalization Capability of the Models for Deepfake Detection,10.1109/TIFS.2024.3451356,https://ieeexplore.ieee.org/stamp/stamp.jsp?arnumber=10654318,C,,0,0,0,IEEE Xplore
V3CViT: Deepfake Detection Based on Video Vision Transformer and 3D Convolution Network,https://www.scopus.com/inward/record.uri?eid=2-s2.0-85209570938&partnerID=40&md5=d3d6b7e5ea7915470d42cd7e0fb69fa4,https://www.scopus.com/inward/record.uri?eid=2-s2.0-85209570938&partnerID=40&md5=d3d6b7e5ea7915470d42cd7e0fb69fa4,C,,0,0,0,Scopus
VAD-Lip: Visual and Audio Deepfake Detection via Lip Features,,,A,Scopus,1,0,0,
VCF: A Real-World Video Conference Deepfake Benchmark for Face-Swap Detection and Robustness Evaluation,,,B,Scopus,1,0,0,
ViT-Xplain: A Transparent Deepfake Detector for Consumer Electronics Based on Attention and Explainable AI,,,B,IEEE Xplore,0,1,0,
Video Forensic Analysis Using Deep Learning Models,10.1109/ETCC65847.2025.11108521,https://ieeexplore.ieee.org/stamp/stamp.jsp?arnumber=11108521,C,,0,0,0,IEEE Xplore
Video Integrity Detection with Deep Learning,10.1109/ICACCS60874.2024.10717096,https://ieeexplore.ieee.org/stamp/stamp.jsp?arnumber=10717096,C,,0,0,0,IEEE Xplore
Video Normalization in Identifying Fake Videos Using a Long Short-Term Memory Model,10.1109/SoutheastCon51012.2023.10115139,https://ieeexplore.ieee.org/stamp/stamp.jsp?arnumber=10115139,C,,0,0,0,IEEE Xplore
Video face forgery detection via facial motion-assisted capturing dense optical flow truncation,https://www.scopus.com/inward/record.uri?eid=2-s2.0-85139500002&partnerID=40&md5=4e68234623468347addaa31a2254a450,https://www.scopus.com/inward/record.uri?eid=2-s2.0-85139500002&partnerID=40&md5=4e68234623468347addaa31a2254a450,C,,0,0,0,Scopus
Vision-based Multimodal Deepfake Detection using Explainable AI,,,A,IEEE Xplore,0,1,0,
"Visual Deepfake Detection: Review of Techniques, Tools, Limitations, and Future Prospects",,,B,IEEE Xplore,0,1,0,
"Visual Deepfake Detection: Review of Techniques, Tools, Limitations, and Future Prospects",10.1109/ACCESS.2024.3523288,https://ieeexplore.ieee.org/stamp/stamp.jsp?arnumber=10816641,C,,0,0,0,IEEE Xplore
Voices of Deception - Detecting AI-Synthesized Speech Using Spectrotemporal Features and Hybrid Learning Models,,,B,IEEE Xplore,0,1,0,
Voices of Deception - Detecting AI-Synthesized Speech Using Spectrotemporal Features and Hybrid Learning Models,10.1109/INDISCON66021.2025.11252158,https://ieeexplore.ieee.org/stamp/stamp.jsp?arnumber=11252158,C,,0,0,0,IEEE Xplore
WaViT-CDC: Wavelet Vision Transformer With Central Difference Convolutions for Spatial-Frequency Deepfake Detection,,,B,IEEE Xplore,0,1,0,
WaterLo: Protect Images from Deepfakes Using Localized Semi-Fragile Watermark,10.1109/ICCVW60793.2023.00046,https://ieeexplore.ieee.org/stamp/stamp.jsp?arnumber=10350953,C,,0,0,0,IEEE Xplore
WaveConViT: Wavelet-Based Convolutional Vision Transformer for Cross-Manipulation Deepfake Video Detection,https://www.scopus.com/inward/record.uri?eid=2-s2.0-105004252373&partnerID=40&md5=b1262851d3a0da2b388d4c177e9705d4,https://www.scopus.com/inward/record.uri?eid=2-s2.0-105004252373&partnerID=40&md5=b1262851d3a0da2b388d4c177e9705d4,C,,0,0,0,Scopus
WaveDIF: Wavelet Sub-Band based Deepfake Identification in Frequency Domain,10.1109/CVPRW67362.2025.00627,https://ieeexplore.ieee.org/stamp/stamp.jsp?arnumber=11148061,C,,0,0,0,IEEE Xplore
WaveDIF: Wavelet Sub-Band based Deepfake Identification in Frequency Domain,,,B,"IEEE Xplore, Scopus",1,1,0,
WaveGuard: Robust Deepfake Detection and Source Tracing via Dual-Tree Complex Wavelet and Graph Neural Networks,10.1109/TCSVT.2025.3628951,https://ieeexplore.ieee.org/stamp/stamp.jsp?arnumber=11224900,C,,0,0,0,IEEE Xplore
WaveGuard: Robust Deepfake Detection and Source Tracing via Dual-Tree Complex Wavelet and Graph Neural Networks,,,B,"IEEE Xplore, Scopus",1,1,0,
Wavelet-based GAN Fingerprint Detection using ResNet50,,,B,IEEE Xplore,0,1,0,
What Does an Audio Deepfake Detector Focus on? A Study in the Time Domain,,,B,IEEE Xplore,0,1,0,
Within 3DMM Space: Exploring Inherent 3D Artifact for Video Forgery Detection,,,B,IEEE Xplore,0,1,0,
Within 3DMM Space: Exploring Inherent 3D Artifact for Video Forgery Detection,10.1109/TIFS.2025.3592557,https://ieeexplore.ieee.org/stamp/stamp.jsp?arnumber=11095790,C,,0,0,0,IEEE Xplore
XLSR-Mamba: A Dual-Column Bidirectional State Space Model for Spoofing Attack Detection,10.1109/LSP.2025.3547861,https://ieeexplore.ieee.org/stamp/stamp.jsp?arnumber=10909468,C,,0,0,0,IEEE Xplore
XWSB: A Blend System Utilizing XLS-R and Wavlm With SLS Classifier Detection System for SVDD 2024 Challenge,10.1109/SLT61566.2024.10832183,https://ieeexplore.ieee.org/stamp/stamp.jsp?arnumber=10832183,C,,0,0,0,IEEE Xplore
You’re not acting like yourself: Deepfake Detection Based on Facial Behavior,,,A,IEEE Xplore,0,1,0,
eKYC-DF: A Large-Scale Deepfake Dataset for Developing and Evaluating eKYC Systems,,,A,IEEE Xplore,0,1,0,
